num_client,first,last,job,age,region,id_dpt,departement,cb_provider,name,entry_date,fidelity_points,priority_encoded,priority,entry_year,age_class
43,Bella,HeathcoteDDS,"Conservation officer, nature",70,Rhône-Alpes,01,Ain,Diners Club / Carte Blanche,Bella Heathcote DDS,2015-11-23T03:42:57Z,3300,4,Platinium,2015,"(55,70]"
80,Dr.,JerricaMills,Osteopath,19,Rhône-Alpes,01,Ain,Voyager,Dr. Jerrica Mills,2016-08-23T13:46:27Z,366,1,Bronze,2016,"[18,25]"
82,Viola,Walsh,Land,38,Rhône-Alpes,01,Ain,Maestro,Viola Walsh,2016-09-12T22:48:46Z,1099,2,Silver,2016,"(25,40]"
120,Dr.,QuintBuckridge,Hydrologist,30,Rhône-Alpes,01,Ain,Discover,Dr. Quint Buckridge,2017-02-21T21:39:29Z,1098,2,Silver,2017,"(25,40]"
130,Dr.,NehemiahAnkunding,Sports coach,42,Rhône-Alpes,01,Ain,JCB 16 digit,Dr. Nehemiah Ankunding,2017-03-21T20:21:40Z,761,1,Bronze,2017,"(40,55]"
156,Shantel,EbertPhD,Financial manager,18,Rhône-Alpes,01,Ain,American Express,Shantel Ebert PhD,2017-06-07T15:06:18Z,190,2,Silver,2017,"[18,25]"
166,Gaither,Herzog,Field trials officer,52,Rhône-Alpes,01,Ain,NA,Gaither Herzog,2017-07-11T07:32:50Z,1200,2,Silver,2017,"(40,55]"
253,Latoyia,Pollich,Information systems manager,19,Rhône-Alpes,01,Ain,Diners Club / Carte Blanche,Latoyia Pollich,2018-03-05T23:12:25Z,238,1,Bronze,2018,"[18,25]"
282,Ronaldo,Ritchie,"Surveyor, rural practice",20,Rhône-Alpes,01,Ain,VISA 13 digit,Ronaldo Ritchie,2018-05-28T13:37:21Z,367,1,Bronze,2018,"[18,25]"
309,Harley,Rath,Clinical cytogeneticist,20,Rhône-Alpes,01,Ain,Diners Club / Carte Blanche,Harley Rath,2018-08-13T00:50:31Z,225,2,Silver,2018,"[18,25]"
318,Jacqulyn,Schinner,Systems developer,NA,Rhône-Alpes,01,Ain,American Express,Jacqulyn Schinner,2018-08-29T15:48:10Z,86,1,Bronze,2018,NA
371,Darrick,TerryII,"Education officer, environmental",25,Rhône-Alpes,01,Ain,Mastercard,Darrick Terry II,2018-11-11T08:56:11Z,699,1,Bronze,2018,"[18,25]"
376,Elam,Schneider,Financial controller,NA,Rhône-Alpes,01,Ain,JCB 15 digit,Elam Schneider,2018-11-23T06:29:12Z,471,1,Bronze,2018,NA
378,Ms.,HuldaGleichner,Data scientist,30,Rhône-Alpes,01,Ain,Diners Club / Carte Blanche,Ms. Hulda Gleichner,2018-11-24T21:57:10Z,233,1,Bronze,2018,"(25,40]"
157,Luigi,Bruen,Waste management officer,21,Rhône-Alpes,01,Ain,JCB 16 digit,Luigi Bruen,2017-06-20T20:04:06Z,948,2,Silver,2017,"[18,25]"
11,Marcelle,Turcotte,Printmaker,22,Picardie,02,Aisne,NA,Marcelle Turcotte,2014-11-16T15:49:11Z,882,1,Bronze,2014,"[18,25]"
12,Laurine,Mayer,Physiotherapist,24,Picardie,02,Aisne,VISA 16 digit,Laurine Mayer,2014-12-01T21:17:29Z,729,1,Bronze,2014,"[18,25]"
50,Cayden,Lebsack,Geochemist,55,Picardie,02,Aisne,VISA 16 digit,Cayden Lebsack,2016-01-18T16:51:32Z,939,1,Bronze,2016,"(40,55]"
62,Jeanna,WeimannDDS,Passenger transport manager,32,NA,02,Aisne,Maestro,Jeanna Weimann DDS,2016-05-02T02:30:42Z,1569,2,Silver,2016,"(25,40]"
249,Harlow,RobelDDS,Systems analyst,NA,Picardie,02,Aisne,American Express,Harlow Robel DDS,2018-03-02T00:06:13Z,1771,2,Silver,2018,NA
373,Worth,GreenV,Land,39,Picardie,02,Aisne,JCB 15 digit,Worth Green V,2018-11-17T07:48:44Z,2071,2,Silver,2018,"(25,40]"
420,Nim,Emard,Planning and development surveyor,21,Picardie,02,Aisne,JCB 16 digit,Nim Emard,2019-02-16T03:05:07Z,989,2,Silver,2019,"[18,25]"
377,Mrs.,MiriamJohnston,"Therapist, sports",18,Picardie,02,Aisne,Discover,Mrs. Miriam Johnston,2018-11-23T19:43:49Z,245,1,Bronze,2018,"[18,25]"
299,Taurean,Bosco,Customer service manager,36,Auvergne,03,Allier,Mastercard,Taurean Bosco,2018-07-04T19:38:40Z,1078,2,Silver,2018,"(25,40]"
307,Sybil,D'Amore,Careers information officer,18,Auvergne,03,Allier,Mastercard,Sybil D'Amore,2018-08-07T19:56:02Z,391,1,Bronze,2018,"[18,25]"
311,Ronna,Davis-Jenkins,Exercise physiologist,44,Auvergne,03,Allier,American Express,Ronna Davis-Jenkins,2018-08-14T06:30:54Z,1659,2,Silver,2018,"(40,55]"
419,Kristofer,Rath-Durgan,NA,62,Auvergne,03,Allier,JCB 16 digit,Kristofer Rath-Durgan,2019-02-16T02:45:05Z,2583,4,Platinium,2019,"(55,70]"
33,Jenni,Mills,"Geneticist, molecular",18,Provence-Alpes-Côte d'Azur,04,Alpes-de-Haute-Provence,JCB 15 digit,Jenni Mills,2015-09-04T09:46:38Z,415,1,Bronze,2015,"[18,25]"
102,Dr.,EvalynBrekkePhD,Corporate investment banker,19,Provence-Alpes-Côte d'Azur,04,Alpes-de-Haute-Provence,VISA 13 digit,Dr. Evalyn Brekke PhD,2016-12-26T17:53:30Z,172,1,Bronze,2016,"[18,25]"
164,Lew,Hagenes,"Radiographer, therapeutic",27,Provence-Alpes-Côte d'Azur,04,Alpes-de-Haute-Provence,VISA 16 digit,Lew Hagenes,2017-07-04T12:20:46Z,1169,3,Gold,2017,"(25,40]"
218,Nikhil,Watsica,Forensic psychologist,49,Provence-Alpes-Côte d'Azur,04,Alpes-de-Haute-Provence,VISA 16 digit,Nikhil Watsica,2017-11-23T09:39:41Z,866,1,Bronze,2017,"(40,55]"
413,Bird,McClure,Waste management officer,18,Provence-Alpes-Côte d'Azur,04,Alpes-de-Haute-Provence,VISA 16 digit,Bird McClure,2019-02-07T02:40:35Z,12,1,Bronze,2019,"[18,25]"
492,Mya,Borer,Holiday representative,45,Provence-Alpes-Côte d'Azur,04,Alpes-de-Haute-Provence,JCB 15 digit,Mya Borer,2019-06-27T12:00:41Z,1211,2,Silver,2019,"(40,55]"
305,Christop,Nader-Beatty,"Engineer, broadcasting (operations)",18,Provence-Alpes-Côte d'Azur,04,Alpes-de-Haute-Provence,VISA 16 digit,Christop Nader-Beatty,2018-08-01T05:20:54Z,30,1,Bronze,2018,"[18,25]"
13,Maricela,Gottlieb,Teaching laboratory technician,55,Provence-Alpes-Côte d'Azur,05,Hautes-Alpes,Voyager,Maricela Gottlieb,2015-02-06T08:49:51Z,1769,2,Silver,2015,"(40,55]"
118,Dr.,DayanaRaynor,Land/geomatics surveyor,57,Provence-Alpes-Côte d'Azur,05,Hautes-Alpes,JCB 16 digit,Dr. Dayana Raynor,2017-02-20T11:36:32Z,1227,2,Silver,2017,"(55,70]"
142,Rigoberto,Kris-Blick,"Clinical scientist, histocompatibility and immunogenetics",25,Provence-Alpes-Côte d'Azur,05,Hautes-Alpes,Voyager,Rigoberto Kris-Blick,2017-04-26T12:30:59Z,688,1,Bronze,2017,"[18,25]"
207,Lance,Weber,Nature conservation officer,52,Provence-Alpes-Côte d'Azur,05,Hautes-Alpes,VISA 16 digit,Lance Weber,2017-11-06T18:05:29Z,2178,3,Gold,2017,"(40,55]"
212,Lilyana,Mohr-Runolfsson,Learning mentor,22,Provence-Alpes-Côte d'Azur,05,Hautes-Alpes,Diners Club / Carte Blanche,Lilyana Mohr-Runolfsson,2017-11-16T13:31:20Z,1041,2,Silver,2017,"[18,25]"
415,Kenzie,Rippin-Hudson,Special educational needs teacher,51,Provence-Alpes-Côte d'Azur,05,Hautes-Alpes,JCB 16 digit,Kenzie Rippin-Hudson,2019-02-07T05:36:33Z,2084,4,Platinium,2019,"(40,55]"
428,Rosina,Hyatt,Environmental consultant,36,Provence-Alpes-Côte d'Azur,05,Hautes-Alpes,VISA 16 digit,Rosina Hyatt,2019-03-07T18:23:22Z,638,2,Silver,2019,"(25,40]"
75,Shae,Ruecker-Rodriguez,"Lecturer, further education",51,Provence-Alpes-Côte d'Azur,05,Hautes-Alpes,Mastercard,Shae Ruecker-Rodriguez,2016-07-14T12:29:42Z,1258,2,Silver,2016,"(40,55]"
40,Webster,Lindgren,NA,37,Provence-Alpes-Côte d'Azur,06,Alpes-Maritimes,JCB 16 digit,Webster Lindgren,2015-10-25T13:48:21Z,1751,2,Silver,2015,"(25,40]"
134,Mrs.,EarleneBergnaum,"Conservator, furniture",NA,Provence-Alpes-Côte d'Azur,06,Alpes-Maritimes,VISA 16 digit,Mrs. Earlene Bergnaum,2017-04-02T09:25:49Z,303,1,Bronze,2017,NA
322,Stephanie,Lockman-Block,Research scientist (life sciences),57,Provence-Alpes-Côte d'Azur,06,Alpes-Maritimes,JCB 16 digit,Stephanie Lockman-Block,2018-09-03T19:49:16Z,2342,3,Gold,2018,"(55,70]"
342,Andres,KuhicIII,Office manager,27,Provence-Alpes-Côte d'Azur,06,Alpes-Maritimes,Maestro,Andres Kuhic III,2018-10-02T04:21:05Z,593,2,Silver,2018,"(25,40]"
392,Dr.,TraceSchultz,"Surveyor, commercial/residential",62,Provence-Alpes-Côte d'Azur,06,Alpes-Maritimes,Diners Club / Carte Blanche,Dr. Trace Schultz,2018-12-22T20:14:18Z,1295,2,Silver,2018,"(55,70]"
432,Rexford,Huels,NA,18,Provence-Alpes-Côte d'Azur,06,Alpes-Maritimes,JCB 16 digit,Rexford Huels,2019-03-13T07:34:44Z,156,2,Silver,2019,"[18,25]"
94,Crista,Ledner,"Conservation officer, historic buildings",85,Provence-Alpes-Côte d'Azur,06,Alpes-Maritimes,Diners Club / Carte Blanche,Crista Ledner,2016-11-09T17:05:35Z,3885,4,Platinium,2016,"(70,100]"
39,Ms.,JasmynStroman,Advertising account executive,18,Rhône-Alpes,07,Ardèche,Discover,Ms. Jasmyn Stroman,2015-10-22T20:58:58Z,12,1,Bronze,2015,"[18,25]"
117,Dr.,AsburyFritsch,Data processing manager,41,Rhône-Alpes,07,Ardèche,American Express,Dr. Asbury Fritsch,2017-02-10T14:48:30Z,1152,2,Silver,2017,"(40,55]"
369,Ivy,Zulauf,NA,32,Rhône-Alpes,07,Ardèche,JCB 16 digit,Ivy Zulauf,2018-11-10T00:12:54Z,1903,2,Silver,2018,"(25,40]"
386,Ms.,LuGislason,"Development worker, international aid",49,NA,07,Ardèche,JCB 16 digit,Ms. Lu Gislason,2018-12-11T12:55:01Z,949,1,Bronze,2018,"(40,55]"
410,Marilyn,Waters-Towne,Secondary school teacher,26,Rhône-Alpes,07,Ardèche,VISA 16 digit,Marilyn Waters-Towne,2019-01-31T04:13:20Z,713,1,Bronze,2019,"(25,40]"
465,Ebony,Schulist,Historic buildings inspector/conservation officer,58,Rhône-Alpes,07,Ardèche,Mastercard,Ebony Schulist,2019-05-06T23:45:01Z,1266,3,Gold,2019,"(55,70]"
483,Tiera,BashirianPhD,Operations geologist,29,Rhône-Alpes,07,Ardèche,VISA 16 digit,Tiera Bashirian PhD,2019-06-10T16:48:14Z,525,1,Bronze,2019,"(25,40]"
288,Marlyn,Oberbrunner-Bruen,NA,34,Rhône-Alpes,07,Ardèche,JCB 16 digit,Marlyn Oberbrunner-Bruen,2018-06-13T10:32:48Z,1030,1,Bronze,2018,"(25,40]"
251,Miss,EvangelineWatsica,Audiological scientist,22,Champagne-Ardenne,08,Ardennes,American Express,Miss Evangeline Watsica,2018-03-02T22:44:50Z,1004,2,Silver,2018,"[18,25]"
165,Jamya,Rohan,"Scientist, research (life sciences)",22,Midi-Pyrénées,09,Ariège,American Express,Jamya Rohan,2017-07-07T16:24:20Z,1457,2,Silver,2017,"[18,25]"
226,Jalon,Marvin,"Social research officer, government",57,Midi-Pyrénées,09,Ariège,Discover,Jalon Marvin,2017-12-10T14:08:31Z,1439,1,Bronze,2017,"(55,70]"
246,Gearld,Mueller,Marketing executive,40,Midi-Pyrénées,09,Ariège,American Express,Gearld Mueller,2018-02-11T07:17:39Z,818,1,Bronze,2018,"(25,40]"
45,Suzan,Kemmer,Facilities manager,74,Champagne-Ardenne,10,Aube,VISA 13 digit,Suzan Kemmer,2015-12-05T23:49:30Z,2398,4,Platinium,2015,"(70,100]"
145,Brantley,Schimmel,Clinical molecular geneticist,34,Languedoc-Roussillon,11,Aude,JCB 16 digit,Brantley Schimmel,2017-04-28T02:08:28Z,1276,2,Silver,2017,"(25,40]"
349,Dr.,RobbieBecker,NA,69,NA,11,Aude,NA,Dr. Robbie Becker,2018-10-14T08:45:24Z,2689,2,Silver,2018,"(55,70]"
352,Lyla,Hudson,Radio broadcast assistant,35,Languedoc-Roussillon,11,Aude,JCB 15 digit,Lyla Hudson,2018-10-17T21:15:01Z,1014,1,Bronze,2018,"(25,40]"
407,Dr.,ArbaBeer,Magazine journalist,45,Languedoc-Roussillon,11,Aude,NA,Dr. Arba Beer,2019-01-28T15:13:07Z,2358,4,Platinium,2019,"(40,55]"
2,Fayette,Zboncak,"Engineer, materials",74,Midi-Pyrénées,12,Aveyron,JCB 16 digit,Fayette Zboncak,2013-03-27T13:20:30Z,2608,3,Gold,2013,"(70,100]"
238,Wally,McGlynn,Trade mark attorney,22,Midi-Pyrénées,12,Aveyron,VISA 13 digit,Wally McGlynn,2018-01-26T04:20:36Z,811,1,Bronze,2018,"[18,25]"
338,Marius,GaylordI,Medical illustrator,35,Midi-Pyrénées,12,Aveyron,JCB 16 digit,Marius Gaylord I,2018-09-29T00:57:28Z,718,2,Silver,2018,"(25,40]"
92,Mr.,HarrisonSteuber,Building control surveyor,NA,Provence-Alpes-Côte d'Azur,13,Bouches-du-Rhône,VISA 13 digit,Mr. Harrison Steuber,2016-10-27T02:48:48Z,1878,2,Silver,2016,NA
199,Trilby,JonesPhD,Accommodation manager,20,Provence-Alpes-Côte d'Azur,13,Bouches-du-Rhône,JCB 15 digit,Trilby Jones PhD,2017-10-15T00:10:44Z,500,1,Bronze,2017,"[18,25]"
248,Mekhi,Price,English as a second language teacher,59,Provence-Alpes-Côte d'Azur,13,Bouches-du-Rhône,Diners Club / Carte Blanche,Mekhi Price,2018-02-17T14:01:24Z,2712,3,Gold,2018,"(55,70]"
96,Vicy,Gottlieb,NA,18,NA,14,Calvados,NA,Vicy Gottlieb,2016-11-30T07:46:33Z,157,2,Silver,2016,"[18,25]"
110,Betsy,Harvey,"Administrator, local government",22,Basse-Normandie,14,Calvados,JCB 16 digit,Betsy Harvey,2017-01-23T22:19:19Z,641,1,Bronze,2017,"[18,25]"
245,Cydney,MillerDDS,Data processing manager,62,Basse-Normandie,14,Calvados,JCB 15 digit,Cydney Miller DDS,2018-02-10T13:11:42Z,1794,1,Bronze,2018,"(55,70]"
331,Tella,Cummerata,Legal secretary,48,Basse-Normandie,14,Calvados,VISA 16 digit,Tella Cummerata,2018-09-20T19:24:00Z,1895,1,Bronze,2018,"(40,55]"
466,Staci,Cummerata,NA,27,Basse-Normandie,14,Calvados,Discover,Staci Cummerata,2019-05-09T07:17:28Z,510,1,Bronze,2019,"(25,40]"
498,Danyell,Watsica,Environmental consultant,75,Basse-Normandie,14,Calvados,Maestro,Danyell Watsica,2019-07-03T20:50:31Z,2344,4,Platinium,2019,"(70,100]"
491,Nyla,Weimann,NA,75,Auvergne,15,Cantal,NA,Nyla Weimann,2019-06-23T09:34:16Z,2924,4,Platinium,2019,"(70,100]"
148,Dr.,VillaStamm,Petroleum engineer,18,NA,18,Cher,Voyager,Dr. Villa Stamm,2017-05-07T09:25:54Z,112,2,Silver,2017,"[18,25]"
187,Maggie,JohnsPhD,Corporate investment banker,38,Centre,18,Cher,VISA 13 digit,Maggie Johns PhD,2017-09-02T09:55:26Z,1449,2,Silver,2017,"(25,40]"
350,Jayce,Kozey,Advertising account planner,NA,Centre,18,Cher,VISA 16 digit,Jayce Kozey,2018-10-16T04:13:17Z,857,2,Silver,2018,NA
25,Dr.,ElvinDaniel,Farm manager,20,Limousin,19,Corrèze,JCB 15 digit,Dr. Elvin Daniel,2015-05-15T03:24:33Z,976,2,Silver,2015,"[18,25]"
99,Ephraim,Lesch,"Copywriter, advertising",NA,Limousin,19,Corrèze,JCB 16 digit,Ephraim Lesch,2016-12-20T02:48:40Z,777,1,Bronze,2016,NA
189,Georgetta,Casper,NA,56,Limousin,19,Corrèze,JCB 16 digit,Georgetta Casper,2017-09-11T00:15:17Z,853,1,Bronze,2017,"(55,70]"
358,Derick,MoenI,"Designer, fashion/clothing",21,Limousin,19,Corrèze,NA,Derick Moen I,2018-10-26T18:08:42Z,301,1,Bronze,2018,"[18,25]"
219,Mr.,KristoferBotsford,Youth worker,20,Bourgogne,21,Côte-d'Or,NA,Mr. Kristofer Botsford,2017-11-27T01:23:45Z,138,1,Bronze,2017,"[18,25]"
341,Mr.,BurdetteRoobDDS,Radio broadcast assistant,29,NA,21,Côte-d'Or,NA,Mr. Burdette Roob DDS,2018-10-01T18:59:15Z,1233,2,Silver,2018,"(25,40]"
394,Jayden,Marquardt,Metallurgist,21,Bourgogne,21,Côte-d'Or,Diners Club / Carte Blanche,Jayden Marquardt,2018-12-31T08:14:14Z,237,1,Bronze,2018,"[18,25]"
430,Miss,ContinaBrownDDS,NA,59,Bourgogne,21,Côte-d'Or,American Express,Miss Contina Brown DDS,2019-03-11T05:12:09Z,1901,1,Bronze,2019,"(55,70]"
20,Jermain,Schaefer,Chief Financial Officer,37,Bretagne,22,Côtes-d'Armor,JCB 16 digit,Jermain Schaefer,2015-04-12T01:50:29Z,1937,1,Bronze,2015,"(25,40]"
28,Arnie,Ratke,"Engineer, civil (consulting)",68,Bretagne,22,Côtes-d'Armor,American Express,Arnie Ratke,2015-07-08T17:07:47Z,2017,3,Gold,2015,"(55,70]"
65,Ms.,KattieStarkMD,Outdoor activities/education manager,27,Bretagne,22,Côtes-d'Armor,American Express,Ms. Kattie Stark MD,2016-05-20T02:28:09Z,549,1,Bronze,2016,"(25,40]"
138,Lorraine,AltenwerthPhD,Theme park manager,21,Bretagne,22,Côtes-d'Armor,Discover,Lorraine Altenwerth PhD,2017-04-15T17:32:44Z,294,1,Bronze,2017,"[18,25]"
264,Collis,Kutch,Phytotherapist,59,Bretagne,22,Côtes-d'Armor,JCB 15 digit,Collis Kutch,2018-04-09T07:49:30Z,2522,3,Gold,2018,"(55,70]"
291,Ms.,KenyattaFerry,Bookseller,19,Bretagne,22,Côtes-d'Armor,VISA 16 digit,Ms. Kenyatta Ferry,2018-06-20T08:45:01Z,219,1,Bronze,2018,"[18,25]"
56,Vivian,King,Print production planner,NA,Bretagne,22,Côtes-d'Armor,VISA 13 digit,Vivian King,2016-03-12T08:35:43Z,2475,1,Bronze,2016,NA
111,Karren,Franecki,NA,18,Bretagne,22,Côtes-d'Armor,Voyager,Karren Franecki,2017-01-24T01:56:52Z,9,1,Bronze,2017,"[18,25]"
3,Lala,Stoltenberg,Fitness centre manager,NA,Limousin,23,Creuse,JCB 16 digit,Lala Stoltenberg,2013-09-11T17:53:25Z,2111,2,Silver,2013,NA
23,Dianna,Keeling,"Producer, television/film/video",19,Limousin,23,Creuse,Discover,Dianna Keeling,2015-05-10T07:20:58Z,1086,2,Silver,2015,"[18,25]"
360,Audriana,Veum,Estate manager/land agent,41,Limousin,23,Creuse,Maestro,Audriana Veum,2018-10-31T02:32:32Z,1118,2,Silver,2018,"(40,55]"
9,Stephenie,Spinka,Secondary school teacher,60,Aquitaine,24,Dordogne,VISA 13 digit,Stephenie Spinka,2014-07-16T14:18:38Z,2173,3,Gold,2014,"(55,70]"
36,Mariano,Crooks,Barista,18,Aquitaine,24,Dordogne,JCB 16 digit,Mariano Crooks,2015-09-16T23:08:04Z,358,1,Bronze,2015,"[18,25]"
57,Sherilyn,Dach,"Engineer, aeronautical",25,Aquitaine,24,Dordogne,JCB 15 digit,Sherilyn Dach,2016-03-18T04:48:33Z,826,1,Bronze,2016,"[18,25]"
64,Ova,Armstrong,Trading standards officer,23,Aquitaine,24,Dordogne,Diners Club / Carte Blanche,Ova Armstrong,2016-05-13T10:53:46Z,334,1,Bronze,2016,"[18,25]"
141,Doug,Adams,NA,22,Aquitaine,24,Dordogne,JCB 16 digit,Doug Adams,2017-04-19T16:57:35Z,227,1,Bronze,2017,"[18,25]"
144,Jamila,BrakusDVM,"Surveyor, building",27,Aquitaine,24,Dordogne,Mastercard,Jamila Brakus DVM,2017-04-27T10:47:39Z,872,1,Bronze,2017,"(25,40]"
204,Ewell,Hintz,NA,33,Aquitaine,24,Dordogne,VISA 16 digit,Ewell Hintz,2017-11-02T13:15:29Z,1576,3,Gold,2017,"(25,40]"
216,Cadence,LeschPhD,"Designer, jewellery",31,Aquitaine,24,Dordogne,JCB 15 digit,Cadence Lesch PhD,2017-11-21T23:58:19Z,876,1,Bronze,2017,"(25,40]"
217,Rishi,Schroeder,Toxicologist,19,Aquitaine,24,Dordogne,Maestro,Rishi Schroeder,2017-11-22T23:45:27Z,443,1,Bronze,2017,"[18,25]"
273,Deshaun,Schulist,Ecologist,24,Aquitaine,24,Dordogne,VISA 16 digit,Deshaun Schulist,2018-05-17T00:53:21Z,385,1,Bronze,2018,"[18,25]"
308,Adalberto,Zulauf,Contracting civil engineer,57,Aquitaine,24,Dordogne,Diners Club / Carte Blanche,Adalberto Zulauf,2018-08-13T00:14:48Z,1796,2,Silver,2018,"(55,70]"
312,Brylee,McKenzie,Health promotion specialist,40,Aquitaine,24,Dordogne,JCB 16 digit,Brylee McKenzie,2018-08-15T03:16:04Z,887,1,Bronze,2018,"(25,40]"
285,Soloman,Kihn,Advertising copywriter,23,Franche-Comté,25,Doubs,VISA 16 digit,Soloman Kihn,2018-06-03T23:15:52Z,511,1,Bronze,2018,"[18,25]"
494,Harmon,Bins,NA,42,Franche-Comté,25,Doubs,American Express,Harmon Bins,2019-06-27T19:46:44Z,1580,1,Bronze,2019,"(40,55]"
17,Miss,OraGreenfelderDVM,Control and instrumentation engineer,35,Rhône-Alpes,26,Drôme,VISA 13 digit,Miss Ora Greenfelder DVM,2015-04-02T15:41:34Z,1076,3,Gold,2015,"(25,40]"
152,Alyssa,Kilback,"Journalist, magazine",40,Rhône-Alpes,26,Drôme,VISA 13 digit,Alyssa Kilback,2017-05-28T01:43:23Z,1006,2,Silver,2017,"(25,40]"
209,Laila,Rice,"Engineer, electronics",18,Rhône-Alpes,26,Drôme,JCB 15 digit,Laila Rice,2017-11-10T15:56:55Z,208,1,Bronze,2017,"[18,25]"
475,Miss,JaunitaFlatleyPhD,Land,20,Rhône-Alpes,26,Drôme,NA,Miss Jaunita Flatley PhD,2019-05-25T21:46:05Z,214,1,Bronze,2019,"[18,25]"
38,Rachel,Nitzsche-Turner,"Administrator, sports",38,Rhône-Alpes,26,Drôme,JCB 16 digit,Rachel Nitzsche-Turner,2015-10-18T02:58:13Z,1833,2,Silver,2015,"(25,40]"
4,Shelby,Toy,"Administrator, Civil Service",76,NA,27,Eure,NA,Shelby Toy,2013-12-16T20:11:13Z,3117,4,Platinium,2013,"(70,100]"
26,Camilo,Fay,Professor Emeritus,33,Haute-Normandie,27,Eure,VISA 13 digit,Camilo Fay,2015-06-08T00:12:03Z,1637,2,Silver,2015,"(25,40]"
197,Elvira,Beahan,Restaurant manager,18,Haute-Normandie,27,Eure,VISA 13 digit,Elvira Beahan,2017-10-09T23:37:26Z,36,1,Bronze,2017,"[18,25]"
225,Mrs.,WendeProsaccoPhD,Associate Professor,44,Haute-Normandie,27,Eure,Mastercard,Mrs. Wende Prosacco PhD,2017-12-10T13:07:08Z,1271,3,Gold,2017,"(40,55]"
294,Rasheed,Jacobi,NA,56,Haute-Normandie,27,Eure,JCB 16 digit,Rasheed Jacobi,2018-06-26T12:27:10Z,1377,3,Gold,2018,"(55,70]"
329,Nanna,BorerDDS,Banker,21,Haute-Normandie,27,Eure,VISA 16 digit,Nanna Borer DDS,2018-09-18T12:32:49Z,293,1,Bronze,2018,"[18,25]"
405,Christiana,Grady,NA,32,Haute-Normandie,27,Eure,VISA 16 digit,Christiana Grady,2019-01-26T22:38:22Z,306,1,Bronze,2019,"(25,40]"
16,Gilford,SengerMD,NA,78,Centre,28,Eure-et-Loir,VISA 16 digit,Gilford Senger MD,2015-03-25T00:15:51Z,3613,4,Platinium,2015,"(70,100]"
201,Ms.,SalinaWitting,"Geneticist, molecular",18,Centre,28,Eure-et-Loir,VISA 13 digit,Ms. Salina Witting,2017-10-18T05:24:13Z,154,1,Bronze,2017,"[18,25]"
202,Erna,Wunsch,"Engineer, civil (contracting)",33,Centre,28,Eure-et-Loir,Maestro,Erna Wunsch,2017-10-19T20:57:18Z,861,1,Bronze,2017,"(25,40]"
301,Ozzie,Hilll,Press photographer,44,Centre,28,Eure-et-Loir,VISA 13 digit,Ozzie Hilll,2018-07-12T11:05:48Z,2294,2,Silver,2018,"(40,55]"
319,Ashleigh,Streich,Fitness centre manager,29,Centre,28,Eure-et-Loir,JCB 16 digit,Ashleigh Streich,2018-08-30T01:53:23Z,1136,2,Silver,2018,"(25,40]"
418,Randy,Wintheiser,NA,47,Centre,28,Eure-et-Loir,JCB 15 digit,Randy Wintheiser,2019-02-14T00:46:41Z,1030,2,Silver,2019,"(40,55]"
481,Ian,KuvalisIII,Merchant navy officer,29,Centre,28,Eure-et-Loir,JCB 16 digit,Ian Kuvalis III,2019-06-08T19:15:26Z,1305,2,Silver,2019,"(25,40]"
34,Kristian,Emmerich,"Administrator, charities/voluntary organisations",68,Bretagne,29,Finistère,Discover,Kristian Emmerich,2015-09-11T09:29:51Z,3208,4,Platinium,2015,"(55,70]"
83,Dr.,LuranaRitchie,"Scientist, research (physical sciences)",39,Bretagne,29,Finistère,VISA 13 digit,Dr. Lurana Ritchie,2016-09-13T22:48:16Z,1215,3,Gold,2016,"(25,40]"
115,Birt,Moen,"Presenter, broadcasting",69,Bretagne,29,Finistère,JCB 15 digit,Birt Moen,2017-02-01T08:12:06Z,3199,4,Platinium,2017,"(55,70]"
133,Mr.,LevernEmardI,Secretary/administrator,73,Bretagne,29,Finistère,NA,Mr. Levern Emard I,2017-03-26T06:42:29Z,2228,3,Gold,2017,"(70,100]"
135,Mrs.,SantinaJacobi,NA,53,Bretagne,29,Finistère,JCB 15 digit,Mrs. Santina Jacobi,2017-04-06T17:57:43Z,1793,1,Bronze,2017,"(40,55]"
186,Echo,Kautzer,Clinical molecular geneticist,18,Bretagne,29,Finistère,American Express,Echo Kautzer,2017-09-02T05:45:46Z,3,1,Bronze,2017,"[18,25]"
236,Shane,Bradtke,"Teacher, secondary school",20,Bretagne,29,Finistère,Discover,Shane Bradtke,2018-01-24T07:24:31Z,781,1,Bronze,2018,"[18,25]"
393,Drusilla,KochDVM,NA,40,Bretagne,29,Finistère,Diners Club / Carte Blanche,Drusilla Koch DVM,2018-12-27T06:07:47Z,1096,1,Bronze,2018,"(25,40]"
401,Dr.,SolStokesMD,Senior tax professional/tax inspector,33,Bretagne,29,Finistère,Voyager,Dr. Sol Stokes MD,2019-01-15T20:39:36Z,669,1,Bronze,2019,"(25,40]"
404,Shalon,Volkman-Funk,Medical sales representative,28,Bretagne,29,Finistère,Diners Club / Carte Blanche,Shalon Volkman-Funk,2019-01-18T13:26:31Z,1277,2,Silver,2019,"(25,40]"
70,Davina,Trantow,"Programmer, applications",55,Corse,2A,Corse-du-Sud,Discover,Davina Trantow,2016-06-16T09:41:03Z,1225,2,Silver,2016,"(40,55]"
74,Amina,DuBuqueDDS,Biomedical scientist,41,Corse,2A,Corse-du-Sud,VISA 13 digit,Amina DuBuque DDS,2016-07-03T19:57:03Z,1834,1,Bronze,2016,"(40,55]"
230,Mr.,IshaanRueckerI,Interpreter,NA,Corse,2A,Corse-du-Sud,JCB 16 digit,Mr. Ishaan Ruecker I,2017-12-27T02:17:01Z,2465,3,Gold,2017,NA
250,Mrs.,LizabethOberbrunner,Fisheries officer,NA,Corse,2A,Corse-du-Sud,American Express,Mrs. Lizabeth Oberbrunner,2018-03-02T11:38:20Z,1450,2,Silver,2018,NA
313,Tiara,ShanahanDVM,Environmental education officer,52,Corse,2A,Corse-du-Sud,VISA 13 digit,Tiara Shanahan DVM,2018-08-19T06:27:43Z,1110,3,Gold,2018,"(40,55]"
41,Saundra,Veum,"Buyer, industrial",56,Corse,2B,Haute-Corse,Voyager,Saundra Veum,2015-10-31T03:03:38Z,1454,3,Gold,2015,"(55,70]"
55,Ms.,OraConsidineDVM,Gaffer,23,Corse,2B,Haute-Corse,JCB 16 digit,Ms. Ora Considine DVM,2016-03-08T18:51:09Z,388,2,Silver,2016,"[18,25]"
149,Vicy,Bogisich,Cartographer,NA,Corse,2B,Haute-Corse,Discover,Vicy Bogisich,2017-05-11T04:47:02Z,3553,4,Platinium,2017,NA
228,Buena,ShanahanDVM,NA,41,Corse,2B,Haute-Corse,VISA 16 digit,Buena Shanahan DVM,2017-12-11T23:32:14Z,2181,2,Silver,2017,"(40,55]"
302,Aliya,DuBuquePhD,"Geneticist, molecular",20,Corse,2B,Haute-Corse,Diners Club / Carte Blanche,Aliya DuBuque PhD,2018-07-17T01:26:46Z,381,1,Bronze,2018,"[18,25]"
325,Aurilla,Marvin,Waste management officer,18,Corse,2B,Haute-Corse,Maestro,Aurilla Marvin,2018-09-08T02:47:09Z,135,1,Bronze,2018,"[18,25]"
326,Enos,Vandervort,Social worker,18,Corse,2B,Haute-Corse,Discover,Enos Vandervort,2018-09-08T10:39:50Z,205,1,Bronze,2018,"[18,25]"
435,Stephanie,Corwin,Social worker,48,Corse,2B,Haute-Corse,Mastercard,Stephanie Corwin,2019-03-18T11:39:27Z,1207,2,Silver,2019,"(40,55]"
470,Kyleigh,Hickle,Consulting civil engineer,NA,Corse,2B,Haute-Corse,JCB 15 digit,Kyleigh Hickle,2019-05-11T19:19:41Z,799,1,Bronze,2019,NA
367,Ludie,Bernhard,Publishing copy,46,Corse,2B,Haute-Corse,American Express,Ludie Bernhard,2018-11-07T23:20:55Z,1541,2,Silver,2018,"(40,55]"
260,Yoshio,Funk,NA,52,Languedoc-Roussillon,30,Gard,JCB 16 digit,Yoshio Funk,2018-03-23T15:45:21Z,2009,2,Silver,2018,"(40,55]"
112,Dana,Dooley,"Scientist, physiological",29,Midi-Pyrénées,31,Gard,JCB 15 digit,Dana Dooley,2017-01-25T07:29:49Z,1357,1,Bronze,2017,"(25,40]"
69,Olin,White,Field trials officer,20,Midi-Pyrénées,32,Gers,Discover,Olin White,2016-06-16T01:23:35Z,896,1,Bronze,2016,"[18,25]"
213,Bee,Weissnat,"Sound technician, broadcasting/film/video",68,Midi-Pyrénées,32,Gers,Voyager,Bee Weissnat,2017-11-17T03:59:48Z,2383,4,Platinium,2017,"(55,70]"
385,Jade,Medhurst,Radio broadcast assistant,47,Midi-Pyrénées,32,Gers,VISA 16 digit,Jade Medhurst,2018-12-07T03:30:14Z,605,1,Bronze,2018,"(40,55]"
170,Judie,Carter,Nutritional therapist,58,Aquitaine,33,Gironde,JCB 16 digit,Judie Carter,2017-07-18T13:11:54Z,1260,2,Silver,2017,"(55,70]"
200,Dr.,CaidenReilly,"Engineer, aeronautical",55,Aquitaine,33,Gironde,Maestro,Dr. Caiden Reilly,2017-10-16T02:58:57Z,2178,3,Gold,2017,"(40,55]"
208,Joanie,Paucek-Cassin,Warehouse manager,25,Aquitaine,33,Gironde,Diners Club / Carte Blanche,Joanie Paucek-Cassin,2017-11-07T22:20:27Z,618,1,Bronze,2017,"[18,25]"
275,Jennette,McCullough,Trading standards officer,19,Aquitaine,33,Gironde,JCB 15 digit,Jennette McCullough,2018-05-18T01:05:14Z,319,1,Bronze,2018,"[18,25]"
363,Trudie,DuBuque,"Secretary, company",18,Aquitaine,33,Gironde,Diners Club / Carte Blanche,Trudie DuBuque,2018-11-03T18:52:26Z,133,1,Bronze,2018,"[18,25]"
289,Dr.,SavionLockmanDDS,Social worker,18,Languedoc-Roussillon,34,Hérault,JCB 16 digit,Dr. Savion Lockman DDS,2018-06-14T10:37:45Z,101,1,Bronze,2018,"[18,25]"
406,Inez,KuhnMD,Counselling psychologist,21,Languedoc-Roussillon,34,Hérault,Voyager,Inez Kuhn MD,2019-01-28T14:55:44Z,412,1,Bronze,2019,"[18,25]"
458,Foster,Effertz,Banker,24,Languedoc-Roussillon,34,Hérault,JCB 15 digit,Foster Effertz,2019-04-19T05:40:07Z,631,2,Silver,2019,"[18,25]"
24,Dr.,StellaWalterMD,Building surveyor,62,Languedoc-Roussillon,34,Hérault,Maestro,Dr. Stella Walter MD,2015-05-14T06:14:53Z,1884,2,Silver,2015,"(55,70]"
47,Beatrix,Kuhic,Risk manager,79,Bretagne,35,Ille-et-Vilaine,VISA 16 digit,Beatrix Kuhic,2016-01-03T03:15:37Z,3282,4,Platinium,2016,"(70,100]"
49,Dr.,OrloNitzscheIII,NA,27,Bretagne,35,Ille-et-Vilaine,VISA 16 digit,Dr. Orlo Nitzsche III,2016-01-15T22:34:20Z,1168,2,Silver,2016,"(25,40]"
180,Gay,Corkery,"Therapist, speech and language",NA,Bretagne,35,Ille-et-Vilaine,VISA 13 digit,Gay Corkery,2017-08-16T11:05:56Z,3419,4,Platinium,2017,NA
182,Louise,WizaPhD,"Buyer, industrial",22,Bretagne,35,Ille-et-Vilaine,Discover,Louise Wiza PhD,2017-08-22T04:44:38Z,65,1,Bronze,2017,"[18,25]"
389,Shona,Doyle,Veterinary surgeon,60,Bretagne,35,Ille-et-Vilaine,NA,Shona Doyle,2018-12-11T23:01:29Z,1982,2,Silver,2018,"(55,70]"
486,Dr.,SharleenSawayn,NA,19,Bretagne,35,Ille-et-Vilaine,Diners Club / Carte Blanche,Dr. Sharleen Sawayn,2019-06-13T18:31:21Z,254,1,Bronze,2019,"[18,25]"
46,Elenor,Kovacek,Automotive engineer,27,Centre,36,Indre,JCB 15 digit,Elenor Kovacek,2015-12-24T23:35:04Z,290,1,Bronze,2015,"(25,40]"
185,Miss,SamanthaTrantowDVM,Maintenance engineer,46,Centre,36,Indre,Mastercard,Miss Samantha Trantow DVM,2017-09-01T19:58:13Z,1712,2,Silver,2017,"(40,55]"
223,Tanisha,Nolan,NA,51,Centre,36,Indre,JCB 15 digit,Tanisha Nolan,2017-12-06T12:04:57Z,1756,3,Gold,2017,"(40,55]"
292,Sherrie,JenkinsPhD,"Designer, ceramics/pottery",28,Centre,36,Indre,JCB 16 digit,Sherrie Jenkins PhD,2018-06-20T16:22:12Z,962,1,Bronze,2018,"(25,40]"
414,Davian,Schultz,Television/film/video producer,26,Centre,36,Indre,Discover,Davian Schultz,2019-02-07T04:57:24Z,1440,2,Silver,2019,"(25,40]"
32,Theodora,Greenholt,Administrator,62,Centre,36,Indre,JCB 16 digit,Theodora Greenholt,2015-08-10T01:13:12Z,2819,3,Gold,2015,"(55,70]"
53,Breanna,Braun,Communications engineer,18,Centre,37,Indre-et-Loire,JCB 15 digit,Breanna Braun,2016-02-13T16:51:40Z,344,1,Bronze,2016,"[18,25]"
63,Efren,Ernser,Merchant navy officer,48,Centre,37,Indre-et-Loire,VISA 13 digit,Efren Ernser,2016-05-04T14:22:14Z,1559,2,Silver,2016,"(40,55]"
104,Marylou,McLaughlin,Dentist,43,Centre,37,Indre-et-Loire,JCB 16 digit,Marylou McLaughlin,2017-01-01T23:26:08Z,1207,2,Silver,2017,"(40,55]"
105,Mrs.,DanitaFaheyDDS,"Scientist, audiological",60,NA,37,Indre-et-Loire,JCB 15 digit,Mrs. Danita Fahey DDS,2017-01-03T19:01:51Z,2073,4,Platinium,2017,"(55,70]"
119,Mr.,GeoffreySatterfield,Horticultural therapist,64,Centre,37,Indre-et-Loire,NA,Mr. Geoffrey Satterfield,2017-02-21T15:34:54Z,2561,3,Gold,2017,"(55,70]"
122,Griffin,Adams,NA,31,Centre,37,Indre-et-Loire,Mastercard,Griffin Adams,2017-02-27T22:10:40Z,873,1,Bronze,2017,"(25,40]"
163,Mr.,BabyboyOberbrunnerIV,International aid/development worker,45,Centre,37,Indre-et-Loire,American Express,Mr. Babyboy Oberbrunner IV,2017-06-29T06:29:48Z,1727,2,Silver,2017,"(40,55]"
243,Michal,LednerDDS,Dancer,NA,Centre,37,Indre-et-Loire,JCB 16 digit,Michal Ledner DDS,2018-02-08T18:08:00Z,919,1,Bronze,2018,NA
263,Emmanuel,Stamm,Immunologist,NA,Centre,37,Indre-et-Loire,Mastercard,Emmanuel Stamm,2018-04-03T17:27:34Z,464,2,Silver,2018,NA
297,Kylene,DickiMD,"Therapist, horticultural",38,Centre,37,Indre-et-Loire,Diners Club / Carte Blanche,Kylene Dicki MD,2018-07-02T17:08:47Z,852,1,Bronze,2018,"(25,40]"
382,Stephan,KulasDDS,"Psychologist, counselling",54,Centre,37,Indre-et-Loire,NA,Stephan Kulas DDS,2018-11-30T03:52:29Z,1048,2,Silver,2018,"(40,55]"
452,Dagmar,Rau,Manufacturing systems engineer,50,Centre,37,Indre-et-Loire,VISA 16 digit,Dagmar Rau,2019-04-12T12:29:42Z,1824,2,Silver,2019,"(40,55]"
474,Orvis,Mraz,"Chemist, analytical",18,Centre,37,Indre-et-Loire,JCB 16 digit,Orvis Mraz,2019-05-25T09:17:37Z,432,1,Bronze,2019,"[18,25]"
493,Gasper,SimonisIII,Government social research officer,27,Centre,37,Indre-et-Loire,American Express,Gasper Simonis III,2019-06-27T19:09:56Z,394,1,Bronze,2019,"(25,40]"
143,Nunzio,Shanahan,Forensic psychologist,33,Rhône-Alpes,38,Isère,Voyager,Nunzio Shanahan,2017-04-27T06:29:00Z,712,1,Bronze,2017,"(25,40]"
252,Sarita,Mayert,NA,29,Rhône-Alpes,38,Isère,JCB 15 digit,Sarita Mayert,2018-03-05T13:30:43Z,1706,1,Bronze,2018,"(25,40]"
271,Jarred,O'Hara,Restaurant manager,18,Rhône-Alpes,38,Isère,JCB 16 digit,Jarred O'Hara,2018-05-06T19:04:26Z,65,1,Bronze,2018,"[18,25]"
290,Felipe,Beier,Multimedia programmer,34,Rhône-Alpes,38,Isère,VISA 16 digit,Felipe Beier,2018-06-19T12:47:11Z,879,1,Bronze,2018,"(25,40]"
320,Hal,Windler,"Administrator, arts",49,Rhône-Alpes,38,Isère,VISA 13 digit,Hal Windler,2018-08-30T04:06:11Z,737,1,Bronze,2018,"(40,55]"
345,Edgardo,Abbott,"Designer, textile",61,Rhône-Alpes,38,Isère,JCB 16 digit,Edgardo Abbott,2018-10-06T16:32:50Z,1394,3,Gold,2018,"(55,70]"
22,Latonia,MarksDDS,Meteorologist,NA,NA,39,Jura,VISA 16 digit,Latonia Marks DDS,2015-05-09T04:04:36Z,1869,2,Silver,2015,NA
114,Bessie,Klocko,Ergonomist,23,Franche-Comté,39,Jura,Mastercard,Bessie Klocko,2017-01-31T06:02:37Z,960,1,Bronze,2017,"[18,25]"
167,Mrs.,AchsahSchmelerDVM,"Surveyor, land/geomatics",18,Franche-Comté,39,Jura,JCB 15 digit,Mrs. Achsah Schmeler DVM,2017-07-11T23:40:09Z,484,1,Bronze,2017,"[18,25]"
175,Lem,Farrell,Haematologist,NA,Franche-Comté,39,Jura,Maestro,Lem Farrell,2017-08-07T15:40:50Z,2000,4,Platinium,2017,NA
287,Ms.,PrincessFarrellPhD,Analytical chemist,52,Franche-Comté,39,Jura,NA,Ms. Princess Farrell PhD,2018-06-12T07:44:11Z,1312,2,Silver,2018,"(40,55]"
422,Mr.,JeramieSchultzIII,"Scientist, research (physical sciences)",28,Franche-Comté,39,Jura,NA,Mr. Jeramie Schultz III,2019-02-25T10:59:44Z,1287,3,Gold,2019,"(25,40]"
464,Mr.,BarronCristPhD,Museum/gallery conservator,NA,Franche-Comté,39,Jura,NA,Mr. Barron Crist PhD,2019-05-01T08:45:41Z,928,1,Bronze,2019,NA
499,Martina,Jaskolski,Medical sales representative,21,Franche-Comté,39,Jura,Voyager,Martina Jaskolski,2019-07-06T08:52:20Z,565,1,Bronze,2019,"[18,25]"
7,Mr.,MarceloBraun,Air cabin crew,18,Aquitaine,40,Landes,NA,Mr. Marcelo Braun,2014-04-09T11:20:24Z,22,1,Bronze,2014,"[18,25]"
54,Averi,Kassulke,"Therapist, art",61,Aquitaine,40,Landes,JCB 16 digit,Averi Kassulke,2016-02-20T03:09:40Z,2682,4,Platinium,2016,"(55,70]"
81,Bascom,Torphy-Kuvalis,Passenger transport manager,31,NA,40,Landes,VISA 16 digit,Bascom Torphy-Kuvalis,2016-09-08T15:58:11Z,810,1,Bronze,2016,"(25,40]"
190,Arnetta,Littel-Cummings,NA,35,Aquitaine,40,Landes,Voyager,Arnetta Littel-Cummings,2017-09-13T08:07:42Z,653,1,Bronze,2017,"(25,40]"
310,Miss,MercedesStehr,Nature conservation officer,19,Aquitaine,40,Landes,Discover,Miss Mercedes Stehr,2018-08-13T18:05:45Z,154,2,Silver,2018,"[18,25]"
131,Maryjane,Nicolas,Electronics engineer,78,Centre,41,Loir-et-Cher,Discover,Maryjane Nicolas,2017-03-24T02:37:02Z,3383,4,Platinium,2017,"(70,100]"
192,Dr.,AdanRiceIV,Publishing copy,36,Centre,41,Loir-et-Cher,JCB 16 digit,Dr. Adan Rice IV,2017-09-25T18:41:27Z,957,1,Bronze,2017,"(25,40]"
281,Jacqueline,Braun,Prison officer,23,Centre,41,Loir-et-Cher,Voyager,Jacqueline Braun,2018-05-22T06:19:17Z,724,1,Bronze,2018,"[18,25]"
296,Dr.,OzieBlanda,Copy,66,Centre,41,Loir-et-Cher,Diners Club / Carte Blanche,Dr. Ozie Blanda,2018-07-01T11:46:38Z,1661,1,Bronze,2018,"(55,70]"
346,Marcelo,Gerhold,Therapeutic radiographer,54,Centre,41,Loir-et-Cher,American Express,Marcelo Gerhold,2018-10-08T21:49:56Z,2004,3,Gold,2018,"(40,55]"
444,Vick,Prosacco,Minerals surveyor,47,Centre,41,Loir-et-Cher,VISA 16 digit,Vick Prosacco,2019-03-31T04:16:56Z,1264,2,Silver,2019,"(40,55]"
472,Pryor,Ziemann,"Restaurant manager, fast food",37,Centre,41,Loir-et-Cher,American Express,Pryor Ziemann,2019-05-14T20:34:20Z,1566,3,Gold,2019,"(25,40]"
151,Carolee,PriceDVM,"Surveyor, insurance",NA,Rhône-Alpes,42,Loire,NA,Carolee Price DVM,2017-05-17T06:37:49Z,3021,4,Platinium,2017,NA
214,Rolanda,Lowe,"Research officer, government",22,Rhône-Alpes,42,Loire,JCB 15 digit,Rolanda Lowe,2017-11-17T14:07:14Z,542,1,Bronze,2017,"[18,25]"
269,Brisa,D'Amore,Youth worker,28,Rhône-Alpes,42,Loire,Discover,Brisa D'Amore,2018-04-22T03:51:11Z,826,1,Bronze,2018,"(25,40]"
348,Dr.,OrvelHerman,Geographical information systems officer,21,Rhône-Alpes,42,Loire,VISA 13 digit,Dr. Orvel Herman,2018-10-12T00:05:27Z,302,1,Bronze,2018,"[18,25]"
381,Tonja,Marks-Nitzsche,Advertising account planner,50,Rhône-Alpes,42,Loire,Mastercard,Tonja Marks-Nitzsche,2018-11-29T09:30:47Z,2328,2,Silver,2018,"(40,55]"
441,Joslyn,JenkinsMD,IT technical support officer,22,Rhône-Alpes,42,Loire,VISA 13 digit,Joslyn Jenkins MD,2019-03-27T22:47:19Z,1222,1,Bronze,2019,"[18,25]"
480,Pearlie,Ziemann,Mudlogger,48,Rhône-Alpes,42,Loire,NA,Pearlie Ziemann,2019-06-05T16:55:31Z,1044,2,Silver,2019,"(40,55]"
450,Ms.,HunterNolan,"Nurse, adult",63,Rhône-Alpes,42,Loire,JCB 16 digit,Ms. Hunter Nolan,2019-04-11T08:33:30Z,1196,2,Silver,2019,"(55,70]"
35,Dr.,ChelsyWehnerDDS,"Engineer, materials",26,Auvergne,43,Haute-Loire,American Express,Dr. Chelsy Wehner DDS,2015-09-14T08:26:04Z,1375,2,Silver,2015,"(25,40]"
140,Mrs.,LoreenMullerDDS,"Teacher, early years/pre",27,Auvergne,43,Haute-Loire,JCB 16 digit,Mrs. Loreen Muller DDS,2017-04-17T17:16:08Z,998,3,Gold,2017,"(25,40]"
160,Karly,Schulist,Product designer,NA,Auvergne,43,Haute-Loire,JCB 16 digit,Karly Schulist,2017-06-23T18:51:38Z,1524,2,Silver,2017,NA
181,Angelique,Senger,"Engineer, agricultural",50,Auvergne,43,Haute-Loire,Voyager,Angelique Senger,2017-08-17T16:41:03Z,402,1,Bronze,2017,"(40,55]"
457,Russ,Powlowski-Mann,Charity fundraiser,30,Auvergne,43,Haute-Loire,JCB 16 digit,Russ Powlowski-Mann,2019-04-17T23:49:36Z,900,1,Bronze,2019,"(25,40]"
496,Dr.,AlgieMedhurst,Phytotherapist,19,Auvergne,43,Haute-Loire,Diners Club / Carte Blanche,Dr. Algie Medhurst,2019-06-29T15:23:58Z,119,1,Bronze,2019,"[18,25]"
488,Ofelia,Gerlach,Health and safety adviser,26,Auvergne,43,Haute-Loire,Mastercard,Ofelia Gerlach,2019-06-14T22:53:02Z,1193,3,Gold,2019,"(25,40]"
108,Jay,Hane-Flatley,Seismic interpreter,22,Pays de la Loire,44,Loire-Atlantique,Maestro,Jay Hane-Flatley,2017-01-18T22:51:08Z,843,1,Bronze,2017,"[18,25]"
193,Barnett,Dickens,"Research officer, trade union",NA,Pays de la Loire,44,Loire-Atlantique,Discover,Barnett Dickens,2017-09-26T20:01:22Z,48,1,Bronze,2017,NA
215,Diane,Rippin,"Runner, broadcasting/film/video",42,Pays de la Loire,44,Loire-Atlantique,VISA 16 digit,Diane Rippin,2017-11-20T16:40:05Z,588,1,Bronze,2017,"(40,55]"
469,Savannah,Schmitt,English as a second language teacher,18,Pays de la Loire,44,Loire-Atlantique,JCB 16 digit,Savannah Schmitt,2019-05-10T21:12:09Z,235,1,Bronze,2019,"[18,25]"
60,Meggan,SchoenMD,NA,47,NA,44,Loire-Atlantique,Diners Club / Carte Blanche,Meggan Schoen MD,2016-04-18T04:03:38Z,1720,2,Silver,2016,"(40,55]"
71,Dr.,TylorMayer,"Investment banker, operational",46,Centre,45,Loiret,Diners Club / Carte Blanche,Dr. Tylor Mayer,2016-06-18T18:58:20Z,1154,2,Silver,2016,"(40,55]"
93,Khalilah,MonahanDVM,"Engineer, building services",19,Centre,45,Loiret,VISA 13 digit,Khalilah Monahan DVM,2016-11-02T02:16:09Z,345,1,Bronze,2016,"[18,25]"
128,Miss,LeolaMann,Physiological scientist,NA,Centre,45,Loiret,JCB 16 digit,Miss Leola Mann,2017-03-18T21:41:53Z,1104,2,Silver,2017,NA
191,Dr.,EverettSatterfieldPhD,Advice worker,54,Centre,45,Loiret,JCB 15 digit,Dr. Everett Satterfield PhD,2017-09-23T16:42:58Z,1255,1,Bronze,2017,"(40,55]"
443,Virgel,TowneIII,Ceramics designer,44,Centre,45,Loiret,VISA 16 digit,Virgel Towne III,2019-03-29T06:30:47Z,1185,2,Silver,2019,"(40,55]"
21,Dr.,KadenOlsonII,Ambulance person,79,Centre,45,Loiret,VISA 16 digit,Dr. Kaden Olson II,2015-04-26T16:05:43Z,2798,3,Gold,2015,"(70,100]"
221,Verlie,Beier,Archivist,42,Centre,45,Loiret,JCB 16 digit,Verlie Beier,2017-12-04T00:07:35Z,1936,2,Silver,2017,"(40,55]"
284,Bryanna,Bradtke,NA,29,Midi-Pyrénées,46,Lot,JCB 16 digit,Bryanna Bradtke,2018-06-02T23:23:37Z,1478,2,Silver,2018,"(25,40]"
195,Dr.,EmaMacejkovic,Associate Professor,45,Aquitaine,47,Lot-et-Garonne,VISA 13 digit,Dr. Ema Macejkovic,2017-10-06T00:41:42Z,1511,2,Silver,2017,"(40,55]"
222,Zeno,Orn,Customer service manager,55,Aquitaine,47,Lot-et-Garonne,Discover,Zeno Orn,2017-12-04T13:18:12Z,2251,3,Gold,2017,"(40,55]"
234,Mr.,EvansCartwright,Radiation protection practitioner,18,Aquitaine,47,Lot-et-Garonne,Diners Club / Carte Blanche,Mr. Evans Cartwright,2018-01-21T02:06:14Z,12,1,Bronze,2018,"[18,25]"
395,Philomena,Sawayn,Veterinary surgeon,18,Aquitaine,47,Lot-et-Garonne,VISA 16 digit,Philomena Sawayn,2019-01-01T07:21:48Z,10,2,Silver,2019,"[18,25]"
403,Rodolfo,Strosin,Ergonomist,39,Aquitaine,47,Lot-et-Garonne,Mastercard,Rodolfo Strosin,2019-01-16T18:09:52Z,73,1,Bronze,2019,"(25,40]"
449,Baylee,Gulgowski,"Research officer, government",18,Aquitaine,47,Lot-et-Garonne,Mastercard,Baylee Gulgowski,2019-04-08T00:09:15Z,236,1,Bronze,2019,"[18,25]"
454,Dr.,NicholausRoobII,Environmental manager,29,Aquitaine,47,Lot-et-Garonne,VISA 16 digit,Dr. Nicholaus Roob II,2019-04-14T13:12:32Z,442,1,Bronze,2019,"(25,40]"
478,Sheridan,Hyatt,Magazine journalist,54,Aquitaine,47,Lot-et-Garonne,Maestro,Sheridan Hyatt,2019-05-29T07:39:13Z,1287,1,Bronze,2019,"(40,55]"
172,Madelene,Leffler,Media buyer,54,Languedoc-Roussillon,48,Lozère,JCB 16 digit,Madelene Leffler,2017-07-22T04:46:51Z,1743,2,Silver,2017,"(40,55]"
257,Deyanira,Muller,Holiday representative,18,Languedoc-Roussillon,48,Lozère,NA,Deyanira Muller,2018-03-16T18:20:34Z,153,1,Bronze,2018,"[18,25]"
31,Dwain,Volkman,Arts administrator,75,Pays de la Loire,49,Maine-et-Loire,JCB 16 digit,Dwain Volkman,2015-08-02T17:03:14Z,3275,4,Platinium,2015,"(70,100]"
127,Jordin,Renner,IT trainer,71,Pays de la Loire,49,Maine-et-Loire,VISA 16 digit,Jordin Renner,2017-03-17T14:04:23Z,2099,3,Gold,2017,"(70,100]"
184,Orah,Wyman,Ergonomist,20,Pays de la Loire,49,Maine-et-Loire,JCB 15 digit,Orah Wyman,2017-08-25T10:50:15Z,116,1,Bronze,2017,"[18,25]"
277,Jair,Ernser,Dance movement psychotherapist,20,Pays de la Loire,49,Maine-et-Loire,VISA 16 digit,Jair Ernser,2018-05-19T10:23:09Z,1050,2,Silver,2018,"[18,25]"
327,Raelynn,Lind-Rohan,"Scientist, research (physical sciences)",66,Pays de la Loire,49,Maine-et-Loire,VISA 16 digit,Raelynn Lind-Rohan,2018-09-09T15:53:53Z,2132,3,Gold,2018,"(55,70]"
344,Wing,Lehner,Broadcast engineer,58,Pays de la Loire,49,Maine-et-Loire,JCB 16 digit,Wing Lehner,2018-10-04T22:02:40Z,2855,4,Platinium,2018,"(55,70]"
361,Madlyn,Hilll,Adult nurse,18,Pays de la Loire,49,Maine-et-Loire,American Express,Madlyn Hilll,2018-10-31T21:49:53Z,479,1,Bronze,2018,"[18,25]"
425,Francisco,Casper,Video editor,26,Pays de la Loire,49,Maine-et-Loire,VISA 16 digit,Francisco Casper,2019-03-01T05:53:12Z,1224,1,Bronze,2019,"(25,40]"
10,Tisa,Pouros,Trade mark attorney,81,Basse-Normandie,50,Manche,NA,Tisa Pouros,2014-11-04T07:01:07Z,3576,4,Platinium,2014,"(70,100]"
206,Milas,Luettgen-Bashirian,Production engineer,18,Basse-Normandie,50,Manche,Voyager,Milas Luettgen-Bashirian,2017-11-03T12:25:48Z,202,1,Bronze,2017,"[18,25]"
261,Woodson,PfannerstillIV,"Clinical scientist, histocompatibility and immunogenetics",59,Basse-Normandie,50,Manche,Voyager,Woodson Pfannerstill IV,2018-03-24T05:25:03Z,2379,3,Gold,2018,"(55,70]"
328,Oswaldo,NienowI,Audiological scientist,41,NA,50,Manche,VISA 16 digit,Oswaldo Nienow I,2018-09-13T17:45:18Z,709,1,Bronze,2018,"(40,55]"
343,Deven,Reichel,Printmaker,55,Basse-Normandie,50,Manche,VISA 16 digit,Deven Reichel,2018-10-03T06:53:38Z,2408,3,Gold,2018,"(40,55]"
372,Mrs.,KelsiJenkins,NA,22,Basse-Normandie,50,Manche,NA,Mrs. Kelsi Jenkins,2018-11-11T11:10:53Z,276,1,Bronze,2018,"[18,25]"
456,Vonetta,Tromp,NA,53,Basse-Normandie,50,Manche,Mastercard,Vonetta Tromp,2019-04-17T18:48:49Z,748,1,Bronze,2019,"(40,55]"
495,Sim,Smitham,Press sub,NA,Basse-Normandie,50,Manche,NA,Sim Smitham,2019-06-29T10:34:35Z,1646,3,Gold,2019,NA
116,Orlando,Metz,"Accountant, chartered",45,Champagne-Ardenne,52,Haute-Marne,NA,Orlando Metz,2017-02-03T13:16:01Z,719,1,Bronze,2017,"(40,55]"
88,Dr.,SilverEffertz,Learning disability nurse,44,Pays de la Loire,53,Mayenne,VISA 16 digit,Dr. Silver Effertz,2016-09-26T18:21:01Z,2292,4,Platinium,2016,"(40,55]"
159,Sienna,Wiegand,NA,26,Pays de la Loire,53,Mayenne,Discover,Sienna Wiegand,2017-06-23T03:17:35Z,317,1,Bronze,2017,"(25,40]"
255,Lyn,ZboncakMD,Health physicist,52,Pays de la Loire,53,Mayenne,Diners Club / Carte Blanche,Lyn Zboncak MD,2018-03-08T00:51:45Z,1000,4,Platinium,2018,"(40,55]"
265,Epsie,Kuhic,Conference centre manager,45,Pays de la Loire,53,Mayenne,VISA 13 digit,Epsie Kuhic,2018-04-15T19:15:58Z,988,2,Silver,2018,"(40,55]"
270,Dustin,Donnelly,"Surveyor, building",18,Pays de la Loire,53,Mayenne,Maestro,Dustin Donnelly,2018-05-02T21:27:01Z,339,2,Silver,2018,"[18,25]"
333,Shea,Pfeffer,Industrial buyer,44,Pays de la Loire,53,Mayenne,VISA 16 digit,Shea Pfeffer,2018-09-22T08:18:01Z,620,1,Bronze,2018,"(40,55]"
174,Ms.,RacquelBeahan,Psychiatric nurse,58,Pays de la Loire,53,Mayenne,American Express,Ms. Racquel Beahan,2017-08-01T12:15:29Z,1953,3,Gold,2017,"(55,70]"
106,Channing,Pfeffer,Industrial buyer,NA,Lorraine,54,Meurthe-et-Moselle,Mastercard,Channing Pfeffer,2017-01-07T20:45:56Z,1167,2,Silver,2017,NA
107,Nasir,Mills,Recycling officer,25,Lorraine,54,Meurthe-et-Moselle,Discover,Nasir Mills,2017-01-16T23:55:35Z,895,1,Bronze,2017,"[18,25]"
154,Mia,Gleason,Artist,NA,Lorraine,54,Meurthe-et-Moselle,JCB 16 digit,Mia Gleason,2017-05-31T16:45:47Z,1667,3,Gold,2017,NA
259,Jerome,Conroy,Lobbyist,37,Lorraine,54,Meurthe-et-Moselle,JCB 16 digit,Jerome Conroy,2018-03-18T07:20:27Z,1234,2,Silver,2018,"(25,40]"
379,Mr.,DarienBarrows,NA,57,NA,54,Meurthe-et-Moselle,Diners Club / Carte Blanche,Mr. Darien Barrows,2018-11-27T14:19:06Z,2123,2,Silver,2018,"(55,70]"
416,Acie,Marquardt,NA,23,Lorraine,54,Meurthe-et-Moselle,JCB 15 digit,Acie Marquardt,2019-02-07T21:51:22Z,987,2,Silver,2019,"[18,25]"
423,Anissa,Wiza,Careers information officer,NA,Lorraine,54,Meurthe-et-Moselle,Mastercard,Anissa Wiza,2019-02-26T07:52:31Z,620,1,Bronze,2019,NA
424,Kenan,Gulgowski,Structural engineer,NA,Lorraine,54,Meurthe-et-Moselle,JCB 16 digit,Kenan Gulgowski,2019-02-27T17:02:07Z,950,1,Bronze,2019,NA
14,Kyler,Beier,"Production designer, theatre/television/film",45,Lorraine,55,Meuse,JCB 15 digit,Kyler Beier,2015-02-25T05:01:39Z,2133,3,Gold,2015,"(40,55]"
139,Maci,Funk,Human resources officer,42,Lorraine,55,Meuse,JCB 15 digit,Maci Funk,2017-04-15T19:05:03Z,1998,3,Gold,2017,"(40,55]"
183,Kayden,Mertz,"Teacher, primary school",40,Lorraine,55,Meuse,JCB 16 digit,Kayden Mertz,2017-08-22T15:51:07Z,1003,2,Silver,2017,"(25,40]"
231,Miss,BurniceArmstrongPhD,NA,33,Lorraine,55,Meuse,Mastercard,Miss Burnice Armstrong PhD,2018-01-03T01:39:15Z,1691,2,Silver,2018,"(25,40]"
256,Mr.,AlvaroMacejkovicDDS,Air cabin crew,19,Lorraine,55,Meuse,Diners Club / Carte Blanche,Mr. Alvaro Macejkovic DDS,2018-03-16T00:06:12Z,597,1,Bronze,2018,"[18,25]"
485,Coleman,Hettinger,Waste management officer,36,NA,55,Meuse,JCB 16 digit,Coleman Hettinger,2019-06-11T06:30:33Z,881,1,Bronze,2019,"(25,40]"
229,Ms.,SherlynDickinsonPhD,Best boy,30,Bretagne,56,Morbihan,Discover,Ms. Sherlyn Dickinson PhD,2017-12-23T15:06:56Z,581,1,Bronze,2017,"(25,40]"
242,Christen,SmithamPhD,Art therapist,28,Bretagne,56,Morbihan,VISA 16 digit,Christen Smitham PhD,2018-02-01T07:54:31Z,1630,2,Silver,2018,"(25,40]"
323,Tamara,Kutch,Dietitian,35,Bretagne,56,Morbihan,VISA 16 digit,Tamara Kutch,2018-09-06T06:56:15Z,1153,2,Silver,2018,"(25,40]"
332,Gerda,Funk,"Designer, industrial/product",28,Bretagne,56,Morbihan,American Express,Gerda Funk,2018-09-20T21:23:37Z,424,1,Bronze,2018,"(25,40]"
353,Leif,Kohler,"Surveyor, building",39,NA,56,Morbihan,JCB 15 digit,Leif Kohler,2018-10-18T03:45:26Z,1403,2,Silver,2018,"(25,40]"
232,Marcelle,Romaguera,Conference centre manager,19,Lorraine,57,Moselle,Discover,Marcelle Romaguera,2018-01-09T04:02:03Z,377,2,Silver,2018,"[18,25]"
330,Mr.,SawyerFeeney,Health and safety adviser,52,Lorraine,57,Moselle,JCB 16 digit,Mr. Sawyer Feeney,2018-09-20T07:39:06Z,2045,2,Silver,2018,"(40,55]"
417,Lorayne,Halvorson,"Engineer, maintenance (IT)",19,Lorraine,57,Moselle,VISA 16 digit,Lorayne Halvorson,2019-02-13T18:23:22Z,184,1,Bronze,2019,"[18,25]"
375,Branden,LynchPhD,"Surveyor, insurance",20,Lorraine,57,Moselle,Voyager,Branden Lynch PhD,2018-11-22T08:36:15Z,405,1,Bronze,2018,"[18,25]"
100,Jalen,Kulas,Museum education officer,18,Bourgogne,58,Nièvre,Mastercard,Jalen Kulas,2016-12-21T02:05:03Z,50,1,Bronze,2016,"[18,25]"
254,Mabelle,O'ConnellPhD,Press photographer,25,Bourgogne,58,Nièvre,JCB 16 digit,Mabelle O'Connell PhD,2018-03-07T15:38:39Z,92,2,Silver,2018,"[18,25]"
324,Ms.,EdrieHegmann,Equities trader,18,Bourgogne,58,Nièvre,VISA 13 digit,Ms. Edrie Hegmann,2018-09-06T08:11:55Z,12,1,Bronze,2018,"[18,25]"
368,Duard,Borer-Goyette,Charity officer,18,Bourgogne,58,Nièvre,Voyager,Duard Borer-Goyette,2018-11-09T07:09:23Z,159,1,Bronze,2018,"[18,25]"
451,Albertine,Aufderhar,Dealer,33,Bourgogne,58,Nièvre,Mastercard,Albertine Aufderhar,2019-04-11T10:11:07Z,120,1,Bronze,2019,"(25,40]"
484,Ragna,Considine-Bartell,Drilling engineer,19,Bourgogne,58,Nièvre,Diners Club / Carte Blanche,Ragna Considine-Bartell,2019-06-10T21:13:44Z,930,2,Silver,2019,"[18,25]"
59,Davis,Howe,Conference centre manager,45,Nord-Pas-de-Calais,59,Nord,VISA 16 digit,Davis Howe,2016-04-14T09:14:26Z,373,2,Silver,2016,"(40,55]"
67,Anneliese,Schroeder,Retail banker,23,Nord-Pas-de-Calais,59,Nord,Discover,Anneliese Schroeder,2016-06-05T21:24:31Z,378,1,Bronze,2016,"[18,25]"
162,Kesha,Rodriguez-Hegmann,Radio producer,59,Nord-Pas-de-Calais,59,Nord,Voyager,Kesha Rodriguez-Hegmann,2017-06-24T21:23:02Z,1376,2,Silver,2017,"(55,70]"
176,Johathan,Powlowski,Chemical engineer,34,NA,59,Nord,Maestro,Johathan Powlowski,2017-08-07T23:15:30Z,602,1,Bronze,2017,"(25,40]"
283,Delaney,Bosco,Pensions consultant,45,Nord-Pas-de-Calais,59,Nord,VISA 16 digit,Delaney Bosco,2018-05-29T00:49:20Z,1382,2,Silver,2018,"(40,55]"
364,Adolfo,Huels,Hospital pharmacist,29,Nord-Pas-de-Calais,59,Nord,VISA 13 digit,Adolfo Huels,2018-11-04T16:46:09Z,1292,2,Silver,2018,"(25,40]"
489,Hiram,Volkman,Public relations officer,38,Nord-Pas-de-Calais,59,Nord,Diners Club / Carte Blanche,Hiram Volkman,2019-06-20T03:19:03Z,2171,3,Gold,2019,"(25,40]"
27,Dr.,BeatriceZiemann,Armed forces logistics/support/administrative officer,60,Nord-Pas-de-Calais,59,Nord,Discover,Dr. Beatrice Ziemann,2015-06-11T21:16:50Z,1165,2,Silver,2015,"(55,70]"
58,Mrs.,JoniNienowMD,NA,55,Picardie,60,Oise,JCB 15 digit,Mrs. Joni Nienow MD,2016-04-07T22:14:40Z,1629,1,Bronze,2016,"(40,55]"
101,Fredric,Monahan,Paramedic,NA,Picardie,60,Oise,NA,Fredric Monahan,2016-12-22T20:42:54Z,1196,3,Gold,2016,NA
421,Yandel,O'Conner,"Psychologist, prison and probation services",37,Picardie,60,Oise,NA,Yandel O'Conner,2019-02-21T16:35:38Z,776,1,Bronze,2019,"(25,40]"
490,Mattye,Streich,Emergency planning/management officer,21,NA,60,Oise,JCB 15 digit,Mattye Streich,2019-06-22T18:15:22Z,318,1,Bronze,2019,"[18,25]"
19,Twila,Lueilwitz,Biomedical scientist,68,Basse-Normandie,61,Orne,JCB 15 digit,Twila Lueilwitz,2015-04-12T00:47:04Z,1898,2,Silver,2015,"(55,70]"
85,Patty,Kohler,Physiological scientist,49,Basse-Normandie,61,Orne,JCB 15 digit,Patty Kohler,2016-09-20T09:18:13Z,1322,3,Gold,2016,"(40,55]"
237,Belton,Shanahan,"Nurse, learning disability",50,Basse-Normandie,61,Orne,VISA 13 digit,Belton Shanahan,2018-01-25T21:14:46Z,797,1,Bronze,2018,"(40,55]"
266,Mrs.,KiaMoore,Air cabin crew,22,NA,61,Orne,JCB 15 digit,Mrs. Kia Moore,2018-04-19T23:26:25Z,479,1,Bronze,2018,"[18,25]"
125,Mickie,Sporer,Hydrologist,50,NA,61,Orne,Voyager,Mickie Sporer,2017-03-10T15:07:22Z,2188,3,Gold,2017,"(40,55]"
137,Mrs.,MargareteRauMD,Prison officer,21,Nord-Pas-de-Calais,62,Pas-de-Calais,JCB 16 digit,Mrs. Margarete Rau MD,2017-04-10T20:01:06Z,319,1,Bronze,2017,"[18,25]"
178,Mintie,Leuschke,Chief Executive Officer,57,Nord-Pas-de-Calais,62,Pas-de-Calais,American Express,Mintie Leuschke,2017-08-14T19:20:22Z,1951,3,Gold,2017,"(55,70]"
314,Ernie,Goodwin,Geographical information systems officer,NA,Nord-Pas-de-Calais,62,Pas-de-Calais,American Express,Ernie Goodwin,2018-08-21T23:25:33Z,988,2,Silver,2018,NA
316,Cecily,Stiedemann,Special effects artist,25,Nord-Pas-de-Calais,62,Pas-de-Calais,Diners Club / Carte Blanche,Cecily Stiedemann,2018-08-25T21:39:46Z,826,1,Bronze,2018,"[18,25]"
317,Dr.,AmareLedner,Retail buyer,41,Nord-Pas-de-Calais,62,Pas-de-Calais,American Express,Dr. Amare Ledner,2018-08-26T20:51:49Z,1773,3,Gold,2018,"(40,55]"
398,Dr.,OrvilMarvin,Music tutor,30,Nord-Pas-de-Calais,62,Pas-de-Calais,VISA 16 digit,Dr. Orvil Marvin,2019-01-08T02:25:26Z,604,1,Bronze,2019,"(25,40]"
473,Bobby,Krajcik-Parker,Restaurant manager,NA,Nord-Pas-de-Calais,62,Pas-de-Calais,American Express,Bobby Krajcik-Parker,2019-05-21T06:59:04Z,726,1,Bronze,2019,NA
351,Dr.,KennyCorkeryIII,Wellsite geologist,18,Nord-Pas-de-Calais,62,Pas-de-Calais,VISA 16 digit,Dr. Kenny Corkery III,2018-10-16T16:01:05Z,22,1,Bronze,2018,"[18,25]"
61,Cain,Dooley,Chief of Staff,66,Auvergne,63,Puy-de-Dôme,VISA 16 digit,Cain Dooley,2016-04-24T11:39:13Z,2443,2,Silver,2016,"(55,70]"
79,Dr.,BessLynchDVM,Health and safety adviser,59,NA,63,Puy-de-Dôme,American Express,Dr. Bess Lynch DVM,2016-08-13T08:44:59Z,1899,2,Silver,2016,"(55,70]"
210,Tamela,Reichel,"Designer, industrial/product",53,Auvergne,63,Puy-de-Dôme,American Express,Tamela Reichel,2017-11-12T03:20:55Z,2202,3,Gold,2017,"(40,55]"
258,Thornton,Marquardt,Restaurant manager,24,Auvergne,63,Puy-de-Dôme,VISA 13 digit,Thornton Marquardt,2018-03-18T01:29:24Z,321,1,Bronze,2018,"[18,25]"
336,Halley,Paucek,Plant breeder/geneticist,32,Auvergne,63,Puy-de-Dôme,VISA 16 digit,Halley Paucek,2018-09-27T19:36:10Z,621,1,Bronze,2018,"(25,40]"
433,Neveah,Ledner-Kshlerin,Product manager,26,Auvergne,63,Puy-de-Dôme,Discover,Neveah Ledner-Kshlerin,2019-03-16T05:11:08Z,1514,2,Silver,2019,"(25,40]"
409,Ramsey,Parisian-Stanton,Geoscientist,48,Auvergne,63,Puy-de-Dôme,VISA 16 digit,Ramsey Parisian-Stanton,2019-01-30T23:14:35Z,1336,2,Silver,2019,"(40,55]"
1,Mozella,Hudson,Geophysical data processor,NA,Aquitaine,64,Pyrénées-Atlantiques,NA,Mozella Hudson,2012-07-27T21:46:38Z,3818,4,Platinium,2012,NA
121,Jamie,Paucek,"Designer, textile",27,Aquitaine,64,Pyrénées-Atlantiques,Discover,Jamie Paucek,2017-02-24T04:30:31Z,1262,2,Silver,2017,"(25,40]"
168,Belton,Lehner,NA,24,Aquitaine,64,Pyrénées-Atlantiques,VISA 16 digit,Belton Lehner,2017-07-13T11:12:15Z,100,1,Bronze,2017,"[18,25]"
188,Gasper,Hessel,"Therapist, occupational",39,NA,64,Pyrénées-Atlantiques,NA,Gasper Hessel,2017-09-06T09:30:02Z,1361,2,Silver,2017,"(25,40]"
224,Deshaun,Hodkiewicz,"Scientist, water quality",NA,Aquitaine,64,Pyrénées-Atlantiques,Maestro,Deshaun Hodkiewicz,2017-12-09T12:37:10Z,1026,3,Gold,2017,NA
241,Shay,O'Conner,Museum/gallery exhibitions officer,19,Aquitaine,64,Pyrénées-Atlantiques,JCB 15 digit,Shay O'Conner,2018-01-31T13:03:42Z,625,1,Bronze,2018,"[18,25]"
267,Sherree,FeilDVM,Heritage manager,54,Aquitaine,64,Pyrénées-Atlantiques,Maestro,Sherree Feil DVM,2018-04-20T13:12:40Z,2161,4,Platinium,2018,"(40,55]"
304,Montana,LarkinV,Risk manager,63,Aquitaine,64,Pyrénées-Atlantiques,Discover,Montana Larkin V,2018-07-31T21:47:46Z,677,1,Bronze,2018,"(55,70]"
306,Gorden,Brekke,Bookseller,42,Aquitaine,64,Pyrénées-Atlantiques,NA,Gorden Brekke,2018-08-02T09:14:29Z,1912,2,Silver,2018,"(40,55]"
467,Dr.,DoshieBartell,NA,40,NA,64,Pyrénées-Atlantiques,NA,Dr. Doshie Bartell,2019-05-09T11:50:44Z,1308,2,Silver,2019,"(25,40]"
279,Ab,Ebert,"Psychologist, prison and probation services",51,Midi-Pyrénées,65,Hautes-Pyrénées,Discover,Ab Ebert,2018-05-20T02:31:16Z,1146,3,Gold,2018,"(40,55]"
462,Hartley,Kuhn,Contractor,NA,Midi-Pyrénées,65,Hautes-Pyrénées,VISA 16 digit,Hartley Kuhn,2019-04-27T06:28:13Z,2245,3,Gold,2019,NA
66,Babe,Spencer,"Scientist, research (medical)",18,Alsace,67,Bas-Rhin,Discover,Babe Spencer,2016-05-29T05:07:23Z,65,1,Bronze,2016,"[18,25]"
76,Dr.,KayceeO'Keefe,Maintenance engineer,38,Alsace,67,Bas-Rhin,American Express,Dr. Kaycee O'Keefe,2016-07-24T07:37:58Z,437,1,Bronze,2016,"(25,40]"
84,General,Fay-Will,NA,18,Alsace,67,Bas-Rhin,Discover,General Fay-Will,2016-09-14T23:42:48Z,64,1,Bronze,2016,"[18,25]"
132,Laylah,HilpertMD,"Teacher, English as a foreign language",50,Alsace,67,Bas-Rhin,JCB 16 digit,Laylah Hilpert MD,2017-03-25T10:47:45Z,2142,4,Platinium,2017,"(40,55]"
280,Zaniyah,Dietrich,NA,41,Alsace,67,Bas-Rhin,Maestro,Zaniyah Dietrich,2018-05-21T10:15:55Z,1490,2,Silver,2018,"(40,55]"
293,Hilliard,Weissnat,"Psychologist, clinical",61,Alsace,67,Bas-Rhin,Diners Club / Carte Blanche,Hilliard Weissnat,2018-06-21T17:37:43Z,1845,1,Bronze,2018,"(55,70]"
340,Lita,Purdy,Automotive engineer,NA,Alsace,67,Bas-Rhin,JCB 15 digit,Lita Purdy,2018-09-30T18:19:08Z,263,1,Bronze,2018,NA
356,Rogelio,Hills,NA,46,Alsace,67,Bas-Rhin,VISA 16 digit,Rogelio Hills,2018-10-25T17:43:32Z,1620,3,Gold,2018,"(40,55]"
497,Ernestine,Heaney,Proofreader,28,Alsace,67,Bas-Rhin,JCB 16 digit,Ernestine Heaney,2019-06-30T22:58:10Z,386,1,Bronze,2019,"(25,40]"
235,Cordell,Rohan-Schmidt,Dramatherapist,NA,Alsace,67,Bas-Rhin,VISA 13 digit,Cordell Rohan-Schmidt,2018-01-23T09:41:11Z,65,1,Bronze,2018,NA
155,Dr.,AlphonsBradtkeJr.,Mining engineer,35,Alsace,68,Haut-Rhin,Discover,Dr. Alphons Bradtke Jr.,2017-06-03T12:46:30Z,1643,2,Silver,2017,"(25,40]"
198,Steward,LehnerI,Stage manager,40,Alsace,68,Haut-Rhin,JCB 16 digit,Steward Lehner I,2017-10-11T12:44:50Z,414,1,Bronze,2017,"(25,40]"
240,Albertha,Murphy,Landscape architect,53,Alsace,68,Haut-Rhin,Diners Club / Carte Blanche,Albertha Murphy,2018-01-29T01:07:15Z,1471,2,Silver,2018,"(40,55]"
274,Brittanie,Howell,NA,18,Alsace,68,Haut-Rhin,Maestro,Brittanie Howell,2018-05-17T13:32:29Z,24,1,Bronze,2018,"[18,25]"
445,Mrs.,ShelvaCorkeryPhD,Brewing technologist,28,Alsace,68,Haut-Rhin,VISA 13 digit,Mrs. Shelva Corkery PhD,2019-04-02T07:25:01Z,551,1,Bronze,2019,"(25,40]"
91,Micky,Harris,Catering manager,28,Rhône-Alpes,69,Rhône,VISA 13 digit,Micky Harris,2016-10-22T16:42:07Z,64,1,Bronze,2016,"(25,40]"
123,Carlton,Volkman,Quantity surveyor,31,Rhône-Alpes,69,Rhône,American Express,Carlton Volkman,2017-02-28T10:05:08Z,1645,2,Silver,2017,"(25,40]"
136,Dr.,OrloMorissette,"Engineer, biomedical",63,Rhône-Alpes,69,Rhône,Voyager,Dr. Orlo Morissette,2017-04-10T15:59:23Z,1963,2,Silver,2017,"(55,70]"
146,Byrd,Waelchi,"Engineer, manufacturing",35,Rhône-Alpes,69,Rhône,VISA 16 digit,Byrd Waelchi,2017-04-30T09:54:20Z,1666,2,Silver,2017,"(25,40]"
247,Mr.,HalbertHermannPhD,"Psychologist, prison and probation services",20,Rhône-Alpes,69,Rhône,VISA 13 digit,Mr. Halbert Hermann PhD,2018-02-12T12:21:03Z,226,1,Bronze,2018,"[18,25]"
347,Bertrand,Wolf,Environmental education officer,49,Rhône-Alpes,69,Rhône,Diners Club / Carte Blanche,Bertrand Wolf,2018-10-09T09:43:38Z,1370,2,Silver,2018,"(40,55]"
387,Male,Bergnaum-Turcotte,Audiological scientist,47,Rhône-Alpes,69,Rhône,JCB 16 digit,Male Bergnaum-Turcotte,2018-12-11T18:29:30Z,1435,2,Silver,2018,"(40,55]"
400,Jane,Terry-Berge,Planning and development surveyor,23,Rhône-Alpes,69,Rhône,Discover,Jane Terry-Berge,2019-01-13T17:01:39Z,653,1,Bronze,2019,"[18,25]"
440,Beckie,Denesik,Photographer,52,Rhône-Alpes,69,Rhône,NA,Beckie Denesik,2019-03-27T13:26:06Z,2160,3,Gold,2019,"(40,55]"
453,Burney,Paucek,Personal assistant,49,Rhône-Alpes,69,Rhône,VISA 16 digit,Burney Paucek,2019-04-12T16:36:57Z,1319,1,Bronze,2019,"(40,55]"
468,Mr.,NicoWatsicaDDS,Publishing rights manager,18,Rhône-Alpes,69,Rhône,Diners Club / Carte Blanche,Mr. Nico Watsica DDS,2019-05-09T14:43:29Z,57,1,Bronze,2019,"[18,25]"
383,Corda,HintzPhD,NA,23,NA,69,Rhône,JCB 16 digit,Corda Hintz PhD,2018-11-30T08:44:26Z,545,2,Silver,2018,"[18,25]"
384,Mrs.,PaulineLedner,Advertising copywriter,18,NA,70,Haute-Saône,JCB 16 digit,Mrs. Pauline Ledner,2018-12-02T06:27:34Z,137,1,Bronze,2018,"[18,25]"
396,Osborn,Harvey,NA,56,Franche-Comté,70,Haute-Saône,VISA 16 digit,Osborn Harvey,2019-01-04T14:04:09Z,1517,3,Gold,2019,"(55,70]"
18,Claus,Hilll,"Programmer, systems",34,Franche-Comté,70,Haute-Saône,Discover,Claus Hilll,2015-04-06T14:15:38Z,793,1,Bronze,2015,"(25,40]"
72,Christine,Franecki,Database administrator,23,Bourgogne,71,Saône-et-Loire,Diners Club / Carte Blanche,Christine Franecki,2016-06-24T22:21:28Z,765,2,Silver,2016,"[18,25]"
73,Ms.,BrittaTillmanDDS,Administrator,40,Bourgogne,71,Saône-et-Loire,Maestro,Ms. Britta Tillman DDS,2016-06-28T11:27:25Z,2174,3,Gold,2016,"(25,40]"
278,Pearlene,Herzog,"Solicitor, Scotland",18,Bourgogne,71,Saône-et-Loire,American Express,Pearlene Herzog,2018-05-19T12:39:10Z,215,1,Bronze,2018,"[18,25]"
300,Fatima,Rowe,Company secretary,30,Bourgogne,71,Saône-et-Loire,JCB 16 digit,Fatima Rowe,2018-07-10T18:05:52Z,1100,2,Silver,2018,"(25,40]"
370,Stacy,Mueller,Radio producer,NA,Bourgogne,71,Saône-et-Loire,Mastercard,Stacy Mueller,2018-11-11T00:45:45Z,474,2,Silver,2018,NA
461,Ara,VonRueden,Recycling officer,21,Bourgogne,71,Saône-et-Loire,JCB 16 digit,Ara VonRueden,2019-04-25T01:10:08Z,811,1,Bronze,2019,"[18,25]"
429,Mr.,BlaneBeier,"Pharmacist, hospital",25,Bourgogne,71,Saône-et-Loire,NA,Mr. Blane Beier,2019-03-10T03:40:37Z,660,1,Bronze,2019,"[18,25]"
500,Krystle,Watsica-Sawayn,"Engineer, chemical",56,NA,71,Saône-et-Loire,NA,Krystle Watsica-Sawayn,2019-07-09T06:31:21Z,1976,3,Gold,2019,"(55,70]"
29,Dr.,MegPaucek,"Buyer, industrial",80,Pays de la Loire,72,Sarthe,JCB 16 digit,Dr. Meg Paucek,2015-07-12T18:20:25Z,3651,4,Platinium,2015,"(70,100]"
30,Mr.,WintonKingIV,Broadcast journalist,68,Pays de la Loire,72,Sarthe,VISA 16 digit,Mr. Winton King IV,2015-07-19T21:59:29Z,3246,4,Platinium,2015,"(55,70]"
77,Hayward,Rippin,Merchant navy officer,43,Pays de la Loire,72,Sarthe,VISA 16 digit,Hayward Rippin,2016-07-26T17:16:24Z,208,1,Bronze,2016,"(40,55]"
98,Berneice,Towne,NA,47,Pays de la Loire,72,Sarthe,VISA 16 digit,Berneice Towne,2016-12-12T04:49:45Z,2196,3,Gold,2016,"(40,55]"
103,Dr.,GearldRippinV,"Programmer, multimedia",58,Pays de la Loire,72,Sarthe,JCB 16 digit,Dr. Gearld Rippin V,2016-12-27T09:14:26Z,2611,3,Gold,2016,"(55,70]"
124,Cori,Schamberger,Mechanical engineer,40,Pays de la Loire,72,Sarthe,VISA 16 digit,Cori Schamberger,2017-03-07T07:36:02Z,1419,2,Silver,2017,"(25,40]"
153,Mr.,SilverHuelDVM,Youth worker,34,Pays de la Loire,72,Sarthe,NA,Mr. Silver Huel DVM,2017-05-28T17:06:43Z,628,1,Bronze,2017,"(25,40]"
303,Demonte,WilliamsonJr.,"Administrator, sports",18,Pays de la Loire,72,Sarthe,VISA 16 digit,Demonte Williamson Jr.,2018-07-24T21:32:44Z,24,1,Bronze,2018,"[18,25]"
334,Gus,RunolfssonDDS,Brewing technologist,28,Pays de la Loire,72,Sarthe,Maestro,Gus Runolfsson DDS,2018-09-23T00:30:20Z,313,1,Bronze,2018,"(25,40]"
359,Elizah,OsinskiIII,Insurance claims handler,23,Pays de la Loire,72,Sarthe,VISA 16 digit,Elizah Osinski III,2018-10-29T12:14:31Z,555,1,Bronze,2018,"[18,25]"
437,Ms.,CathieWolf,Environmental health practitioner,44,Pays de la Loire,72,Sarthe,JCB 16 digit,Ms. Cathie Wolf,2019-03-25T08:04:04Z,1716,2,Silver,2019,"(40,55]"
438,Jan,Wintheiser,"Teacher, secondary school",37,Pays de la Loire,72,Sarthe,VISA 16 digit,Jan Wintheiser,2019-03-25T23:51:56Z,2033,3,Gold,2019,"(25,40]"
446,Kenisha,Gibson,NA,26,Pays de la Loire,72,Sarthe,Discover,Kenisha Gibson,2019-04-04T09:35:57Z,491,1,Bronze,2019,"(25,40]"
15,Ms.,LouettaKunde,Midwife,27,Rhône-Alpes,73,Savoie,VISA 16 digit,Ms. Louetta Kunde,2015-03-15T21:52:46Z,431,1,Bronze,2015,"(25,40]"
150,Linsey,Schultz,NA,NA,Rhône-Alpes,73,Savoie,Mastercard,Linsey Schultz,2017-05-11T15:35:16Z,226,1,Bronze,2017,NA
194,Mr.,PlummerGradyV,Warehouse manager,34,Rhône-Alpes,73,Savoie,JCB 15 digit,Mr. Plummer Grady V,2017-10-01T06:38:07Z,1794,2,Silver,2017,"(25,40]"
315,Clair,Howell,Interior and spatial designer,42,Rhône-Alpes,73,Savoie,VISA 16 digit,Clair Howell,2018-08-23T01:32:16Z,1279,2,Silver,2018,"(40,55]"
366,Arlene,Ortiz,Corporate treasurer,37,Rhône-Alpes,73,Savoie,JCB 16 digit,Arlene Ortiz,2018-11-07T11:05:18Z,1451,2,Silver,2018,"(25,40]"
442,Gardner,Borer,Event organiser,56,Rhône-Alpes,73,Savoie,VISA 16 digit,Gardner Borer,2019-03-29T00:38:27Z,2002,3,Gold,2019,"(55,70]"
298,Cari,HudsonPhD,Clothing/textile technologist,18,Rhône-Alpes,73,Savoie,Mastercard,Cari Hudson PhD,2018-07-03T00:13:26Z,812,1,Bronze,2018,"[18,25]"
402,Courtland,HintzJr.,"Research officer, government",30,Rhône-Alpes,73,Savoie,Discover,Courtland Hintz Jr.,2019-01-16T15:48:14Z,538,1,Bronze,2019,"(25,40]"
8,Penny,Bernier,"Scientist, marine",80,Rhône-Alpes,74,Haute-Savoie,VISA 16 digit,Penny Bernier,2014-04-18T00:37:50Z,3538,4,Platinium,2014,"(70,100]"
51,Brittney,Trantow-Ullrich,"Clinical scientist, histocompatibility and immunogenetics",34,Rhône-Alpes,74,Haute-Savoie,JCB 15 digit,Brittney Trantow-Ullrich,2016-01-19T13:10:04Z,1790,2,Silver,2016,"(25,40]"
262,Brandon,Kohler,Bookseller,18,Rhône-Alpes,74,Haute-Savoie,VISA 16 digit,Brandon Kohler,2018-03-24T09:31:11Z,34,1,Bronze,2018,"[18,25]"
354,Kimberly,Wilderman,Public relations account executive,30,Rhône-Alpes,74,Haute-Savoie,Mastercard,Kimberly Wilderman,2018-10-20T04:22:38Z,368,1,Bronze,2018,"(25,40]"
365,Deliah,Huel,"Radiographer, therapeutic",43,Rhône-Alpes,74,Haute-Savoie,Maestro,Deliah Huel,2018-11-07T08:48:20Z,1015,2,Silver,2018,"(40,55]"
388,Helma,Klein,NA,NA,Rhône-Alpes,74,Haute-Savoie,JCB 16 digit,Helma Klein,2018-12-11T21:42:07Z,1237,1,Bronze,2018,NA
412,Carlisle,Donnelly,"Journalist, magazine",30,Rhône-Alpes,74,Haute-Savoie,JCB 16 digit,Carlisle Donnelly,2019-02-04T01:37:20Z,1235,2,Silver,2019,"(25,40]"
471,Dr.,HattieTillman,Communications engineer,NA,Rhône-Alpes,74,Haute-Savoie,JCB 16 digit,Dr. Hattie Tillman,2019-05-13T11:43:51Z,73,2,Silver,2019,NA
482,Tavion,VeumDVM,NA,NA,Rhône-Alpes,74,Haute-Savoie,VISA 13 digit,Tavion Veum DVM,2019-06-10T06:21:34Z,1499,2,Silver,2019,NA
68,Oral,MitchellPhD,Advertising account planner,22,Rhône-Alpes,74,Haute-Savoie,NA,Oral Mitchell PhD,2016-06-07T16:23:19Z,524,1,Bronze,2016,"[18,25]"
90,Ms.,MartiConsidineMD,Clinical research associate,NA,Île-de-France,75,Paris,Diners Club / Carte Blanche,Ms. Marti Considine MD,2016-10-19T02:29:14Z,1461,2,Silver,2016,NA
37,Rock,Ratke,"Journalist, newspaper",22,Haute-Normandie,76,Seine-Maritime,NA,Rock Ratke,2015-10-11T01:41:55Z,855,1,Bronze,2015,"[18,25]"
44,Dr.,DoriDouglas,Television/film/video producer,62,NA,76,Seine-Maritime,Diners Club / Carte Blanche,Dr. Dori Douglas,2015-11-30T17:08:50Z,2610,2,Silver,2015,"(55,70]"
171,Emilie,RaynorMD,Civil Service fast streamer,21,Haute-Normandie,76,Seine-Maritime,NA,Emilie Raynor MD,2017-07-20T17:20:35Z,357,1,Bronze,2017,"[18,25]"
211,Levar,Sauer,Oceanographer,56,Haute-Normandie,76,Seine-Maritime,NA,Levar Sauer,2017-11-13T01:30:40Z,1503,2,Silver,2017,"(55,70]"
220,Leonard,Krajcik,Tour manager,35,Haute-Normandie,76,Seine-Maritime,Discover,Leonard Krajcik,2017-11-28T01:19:49Z,1555,1,Bronze,2017,"(25,40]"
391,Farah,Nolan-Zulauf,"Surveyor, rural practice",34,Haute-Normandie,76,Seine-Maritime,Discover,Farah Nolan-Zulauf,2018-12-18T13:56:48Z,996,2,Silver,2018,"(25,40]"
448,Amil,Mosciski,Clinical embryologist,NA,Haute-Normandie,76,Seine-Maritime,American Express,Amil Mosciski,2019-04-07T01:44:39Z,2130,4,Platinium,2019,NA
460,Maebelle,Williamson-Lang,"Nurse, learning disability",45,Haute-Normandie,76,Seine-Maritime,NA,Maebelle Williamson-Lang,2019-04-23T05:17:49Z,2226,3,Gold,2019,"(40,55]"
411,Malvina,Halvorson-Hintz,Arts administrator,49,Île-de-France,77,Seine-et-Marne,JCB 15 digit,Malvina Halvorson-Hintz,2019-02-03T10:21:58Z,1304,2,Silver,2019,"(40,55]"
337,Rush,Powlowski,Advertising art director,55,Poitou-Charentes,79,Deux-Sèvres,VISA 13 digit,Rush Powlowski,2018-09-29T00:24:13Z,1904,2,Silver,2018,"(40,55]"
109,Dr.,KathernWeberDVM,"Engineer, maintenance",20,Picardie,80,Somme,Discover,Dr. Kathern Weber DVM,2017-01-23T08:56:44Z,695,1,Bronze,2017,"[18,25]"
244,Mrs.,LatanyaMoenPhD,Plant breeder/geneticist,20,Picardie,80,Somme,Mastercard,Mrs. Latanya Moen PhD,2018-02-10T12:38:02Z,899,1,Bronze,2018,"[18,25]"
357,Mr.,EbbieCormier,Risk manager,20,Picardie,80,Somme,American Express,Mr. Ebbie Cormier,2018-10-26T13:35:51Z,161,1,Bronze,2018,"[18,25]"
362,Dr.,LoveJacobsonJr.,Tourist information centre manager,41,Picardie,80,Somme,VISA 16 digit,Dr. Love Jacobson Jr.,2018-11-03T08:09:11Z,312,1,Bronze,2018,"(40,55]"
78,Zandra,Rippin-Tromp,Lexicographer,38,Midi-Pyrénées,81,Tarn,VISA 13 digit,Zandra Rippin-Tromp,2016-08-06T11:05:17Z,531,1,Bronze,2016,"(25,40]"
113,Sampson,LarkinDDS,"Surveyor, insurance",75,Midi-Pyrénées,81,Tarn,JCB 16 digit,Sampson Larkin DDS,2017-01-25T21:30:20Z,2706,3,Gold,2017,"(70,100]"
227,Harlan,Ward,"Education officer, museum",18,Midi-Pyrénées,81,Tarn,NA,Harlan Ward,2017-12-11T13:32:25Z,448,2,Silver,2017,"[18,25]"
455,Ross,Carroll,Health service manager,19,Midi-Pyrénées,81,Tarn,Diners Club / Carte Blanche,Ross Carroll,2019-04-16T08:04:56Z,436,1,Bronze,2019,"[18,25]"
390,Miranda,Jerde,"Accountant, chartered certified",40,Midi-Pyrénées,81,Tarn,Discover,Miranda Jerde,2018-12-14T03:08:44Z,921,2,Silver,2018,"(25,40]"
431,Elige,Waters-Erdman,Clinical biochemist,28,Midi-Pyrénées,81,Tarn,NA,Elige Waters-Erdman,2019-03-13T07:20:30Z,662,1,Bronze,2019,"(25,40]"
5,Brandy,RunolfssonPhD,"Pilot, airline",NA,Midi-Pyrénées,82,Tarn-et-Garonne,JCB 16 digit,Brandy Runolfsson PhD,2013-12-28T12:22:04Z,3181,4,Platinium,2013,NA
95,Coraima,Gleichner,"Horticulturist, commercial",NA,Midi-Pyrénées,82,Tarn-et-Garonne,VISA 13 digit,Coraima Gleichner,2016-11-17T23:48:54Z,645,2,Silver,2016,NA
196,Rome,Dickinson,Cytogeneticist,37,Midi-Pyrénées,82,Tarn-et-Garonne,Mastercard,Rome Dickinson,2017-10-09T11:19:35Z,984,3,Gold,2017,"(25,40]"
203,Mychal,Emard,"Lighting technician, broadcasting/film/video",38,Midi-Pyrénées,82,Tarn-et-Garonne,Discover,Mychal Emard,2017-10-28T23:21:37Z,1185,2,Silver,2017,"(25,40]"
426,Earnest,Reichel,English as a foreign language teacher,49,Midi-Pyrénées,82,Tarn-et-Garonne,VISA 13 digit,Earnest Reichel,2019-03-04T19:49:07Z,973,1,Bronze,2019,"(40,55]"
52,Hamp,Boyer,"Teacher, special educational needs",18,Provence-Alpes-Côte d'Azur,83,Var,Diners Club / Carte Blanche,Hamp Boyer,2016-02-01T12:12:14Z,347,1,Bronze,2016,"[18,25]"
272,Florian,Hilll,NA,64,Provence-Alpes-Côte d'Azur,83,Var,Discover,Florian Hilll,2018-05-16T23:33:51Z,1530,3,Gold,2018,"(55,70]"
339,Loraine,Schinner,Ecologist,20,Provence-Alpes-Côte d'Azur,83,Var,JCB 15 digit,Loraine Schinner,2018-09-30T05:41:56Z,236,1,Bronze,2018,"[18,25]"
436,Marlee,Sanford,Warden/ranger,NA,Provence-Alpes-Côte d'Azur,83,Var,American Express,Marlee Sanford,2019-03-21T23:21:48Z,2536,3,Gold,2019,NA
477,Brandan,Muller-Wisozk,Research scientist (maths),18,Provence-Alpes-Côte d'Azur,83,Var,JCB 15 digit,Brandan Muller-Wisozk,2019-05-27T08:02:12Z,7,1,Bronze,2019,"[18,25]"
487,Jeraldine,Abbott,"Designer, blown glass/stained glass",NA,Provence-Alpes-Côte d'Azur,83,Var,JCB 15 digit,Jeraldine Abbott,2019-06-14T10:42:08Z,157,1,Bronze,2019,NA
321,Kaylee,Hansen-Streich,Landscape architect,27,Provence-Alpes-Côte d'Azur,84,Vaucluse,VISA 16 digit,Kaylee Hansen-Streich,2018-09-02T20:48:46Z,713,1,Bronze,2018,"(25,40]"
335,Dr.,JarrellO'ConnerPhD,Licensed conveyancer,45,Provence-Alpes-Côte d'Azur,84,Vaucluse,Maestro,Dr. Jarrell O'Conner PhD,2018-09-24T10:13:31Z,1502,1,Bronze,2018,"(40,55]"
427,Jovany,CollinsIII,"Programmer, systems",27,Provence-Alpes-Côte d'Azur,84,Vaucluse,Mastercard,Jovany Collins III,2019-03-07T16:36:33Z,1325,3,Gold,2019,"(25,40]"
463,Maceo,Armstrong-Littel,Leisure centre manager,21,Provence-Alpes-Côte d'Azur,84,Vaucluse,JCB 16 digit,Maceo Armstrong-Littel,2019-04-30T02:47:40Z,521,1,Bronze,2019,"[18,25]"
129,Bernetta,MurazikDVM,Chief Strategy Officer,60,Pays de la Loire,85,Vendée,VISA 16 digit,Bernetta Murazik DVM,2017-03-21T16:25:19Z,1728,3,Gold,2017,"(55,70]"
158,Mr.,RubenLarkin,Personal assistant,19,Pays de la Loire,85,Vendée,VISA 16 digit,Mr. Ruben Larkin,2017-06-21T00:51:50Z,205,2,Silver,2017,"[18,25]"
161,Montie,Mitchell,"Psychologist, counselling",NA,Pays de la Loire,85,Vendée,VISA 16 digit,Montie Mitchell,2017-06-24T01:56:56Z,278,1,Bronze,2017,NA
286,Yulisa,Cummerata,Government social research officer,37,Pays de la Loire,85,Vendée,VISA 16 digit,Yulisa Cummerata,2018-06-04T09:41:05Z,756,2,Silver,2018,"(25,40]"
476,Murphy,Huels,Television camera operator,45,Pays de la Loire,85,Vendée,American Express,Murphy Huels,2019-05-26T01:43:05Z,1104,2,Silver,2019,"(40,55]"
42,Mrs.,LilahRoob,NA,61,Limousin,87,Haute-Vienne,JCB 16 digit,Mrs. Lilah Roob,2015-11-14T00:10:44Z,2849,3,Gold,2015,"(55,70]"
97,Dr.,MarlynSatterfieldMD,Counselling psychologist,55,Limousin,87,Haute-Vienne,JCB 16 digit,Dr. Marlyn Satterfield MD,2016-12-05T01:09:25Z,1900,2,Silver,2016,"(40,55]"
397,Georgie,DurganDVM,Electrical engineer,18,Limousin,87,Haute-Vienne,NA,Georgie Durgan DVM,2019-01-06T07:14:42Z,26,1,Bronze,2019,"[18,25]"
89,Levie,Douglas,"Engineer, maintenance (IT)",64,NA,88,Vosges,Discover,Levie Douglas,2016-10-03T13:17:10Z,2781,2,Silver,2016,"(55,70]"
126,Hughes,Corkery,Amenity horticulturist,73,NA,88,Vosges,NA,Hughes Corkery,2017-03-12T15:47:48Z,3190,4,Platinium,2017,"(70,100]"
239,Dr.,RalphStiedemannSr.,Housing manager/officer,77,NA,88,Vosges,Discover,Dr. Ralph Stiedemann Sr.,2018-01-27T04:56:54Z,2790,3,Gold,2018,"(70,100]"
268,Mrs.,LexiRice,Adult guidance worker,44,Lorraine,88,Vosges,VISA 13 digit,Mrs. Lexi Rice,2018-04-21T21:31:51Z,760,1,Bronze,2018,"(40,55]"
374,Kyson,Green,NA,38,Lorraine,88,Vosges,Discover,Kyson Green,2018-11-19T14:25:58Z,879,1,Bronze,2018,"(25,40]"
380,Blair,Huels,NA,18,Lorraine,88,Vosges,NA,Blair Huels,2018-11-27T21:12:19Z,434,1,Bronze,2018,"[18,25]"
408,Gasper,Parisian,"Exhibitions officer, museum/gallery",23,Lorraine,88,Vosges,Voyager,Gasper Parisian,2019-01-30T10:17:13Z,1087,2,Silver,2019,"[18,25]"
439,Dr.,EphriamBaumbachII,Set designer,65,Lorraine,88,Vosges,VISA 16 digit,Dr. Ephriam Baumbach II,2019-03-26T01:11:52Z,2600,3,Gold,2019,"(55,70]"
86,Thurman,Metz,Town planner,74,Lorraine,88,Vosges,Diners Club / Carte Blanche,Thurman Metz,2016-09-20T17:06:47Z,1148,2,Silver,2016,"(70,100]"
6,Garrett,Miller,"Surveyor, quantity",83,Bourgogne,89,Yonne,VISA 16 digit,Garrett Miller,2014-01-22T21:04:22Z,3653,3,Gold,2014,"(70,100]"
173,Kadence,Gottlieb-Boyer,Higher education careers adviser,NA,Bourgogne,89,Yonne,VISA 16 digit,Kadence Gottlieb-Boyer,2017-07-26T14:03:57Z,1898,1,Bronze,2017,NA
399,Tennessee,ZboncakDVM,"Conservator, furniture",41,Bourgogne,89,Yonne,Maestro,Tennessee Zboncak DVM,2019-01-10T18:30:36Z,1334,2,Silver,2019,"(40,55]"
447,Ella,SchusterDDS,"Psychologist, sport and exercise",62,Bourgogne,89,Yonne,NA,Ella Schuster DDS,2019-04-04T12:36:34Z,2424,4,Platinium,2019,"(55,70]"
459,Stewart,Walter,"Chemist, analytical",22,Bourgogne,89,Yonne,Voyager,Stewart Walter,2019-04-22T20:58:02Z,452,1,Bronze,2019,"[18,25]"
276,Ms.,LillieRaynor,Horticultural therapist,53,Bourgogne,89,Yonne,NA,Ms. Lillie Raynor,2018-05-18T21:18:05Z,1940,2,Silver,2018,"(40,55]"
87,Hilah,Schaefer,Chemical engineer,66,Franche-Comté,90,Territoire de Belfort,VISA 16 digit,Hilah Schaefer,2016-09-25T03:41:01Z,2826,2,Silver,2016,"(55,70]"
205,Otha,Johnston,"Accountant, chartered",33,Franche-Comté,90,Territoire de Belfort,Voyager,Otha Johnston,2017-11-03T01:55:20Z,1209,3,Gold,2017,"(25,40]"
434,Queen,Krajcik,"Engineer, maintenance (IT)",18,Franche-Comté,90,Territoire de Belfort,Mastercard,Queen Krajcik,2019-03-16T21:54:24Z,41,1,Bronze,2019,"[18,25]"
479,Nena,Kovacek,Animal nutritionist,NA,Franche-Comté,90,Territoire de Belfort,VISA 13 digit,Nena Kovacek,2019-05-30T08:04:30Z,24,1,Bronze,2019,NA
179,Isabel,Veum-Dibbert,NA,31,NA,90,Territoire de Belfort,JCB 16 digit,Isabel Veum-Dibbert,2017-08-16T00:46:16Z,1559,2,Silver,2017,"(25,40]"
147,Mrs.,ArahWelchDVM,Research scientist (physical sciences),18,Île-de-France,92,Hauts-de-Seine,NA,Mrs. Arah Welch DVM,2017-05-07T04:33:48Z,51,1,Bronze,2017,"[18,25]"
233,Kale,Lueilwitz,Clinical biochemist,41,Île-de-France,92,Hauts-de-Seine,Voyager,Kale Lueilwitz,2018-01-16T13:05:48Z,680,1,Bronze,2018,"(40,55]"
355,Mr.,LaurelKlein,Adult nurse,45,NA,92,Hauts-de-Seine,VISA 16 digit,Mr. Laurel Klein,2018-10-22T03:27:28Z,698,1,Bronze,2018,"(40,55]"
169,Rudolph,Olson,Estate agent,31,Île-de-France,93,Seine-Saint-Denis,Diners Club / Carte Blanche,Rudolph Olson,2017-07-16T18:30:30Z,1134,1,Bronze,2017,"(25,40]"
48,Mrs.,SummerEmardDVM,Media planner,66,Île-de-France,94,Val-de-Marne,VISA 16 digit,Mrs. Summer Emard DVM,2016-01-05T22:06:37Z,2590,3,Gold,2016,"(55,70]"
177,Lydell,Kirlin,Intelligence analyst,29,Île-de-France,94,Val-de-Marne,NA,Lydell Kirlin,2017-08-09T22:17:43Z,1171,3,Gold,2017,"(25,40]"
295,Louie,Labadie-Ankunding,"Teacher, secondary school",42,Île-de-France,94,Val-de-Marne,VISA 16 digit,Louie Labadie-Ankunding,2018-06-28T04:46:29Z,804,1,Bronze,2018,"(40,55]"
